original,step_1,step_2,step_3,step_4,step_5
(teil-)automatisch generiert,(teil-)automatisch generiert,(semi-)automated generated,❌ DELETE,,
#nosource,❌ DELETE,,,,
1066-1485,medieval england (1066-1485),,,,
1922,❌ DELETE_TEXTUAL,,,,
2001: a space odyssey (film),❌ DELETE,,,,
2011,❌ DELETE_TEXTUAL,,,,
3d,,,,,
550 geowissenschaften,geosciences,,,,
abe,❌ DELETE,,,,
academia,,,,,
academic,,,,,
academics,academic,academic,,,
acceso,accessing,,,,
active learning,,,,,
activism,,,,,
adafruit,❌ DELETE,,,,
adam,❌ DELETE,,,,
address book,,,,,
administration,,,,,
administration technological innovations,administration technological innovation,✂️ SPLIT,"['administration', 'technological innovation']",,
advocating,,,,,
africa,❌ DELETE,,,,
african american,,,,,
age,,,,,
agenda,❌ DELETE_TEXTUAL,,,,
agora,❌ DELETE,,,,
agriculture,,,,,
ailion,❌ DELETE,,,,
aims news,❌ DELETE_TEXTUAL,,,,
àlex,❌ DELETE,,,,
algorithm design and analysis,✂️ SPLIT,"['algorithm design', 'algorithm analysis']",,,
alphabetisch katalogisieren,cataloguing,,,,
altered books,❌ DELETE_TEXTUAL,,,,
american,,,,,
american historical association,❌ DELETE,,,,
american historical review,❌ DELETE,,,,
american history,,,,,
american social history project,❌ DELETE,,,,
amerikaanse letterkunde,american literature,,,,
analyse des données,data analysis,,,,
analysis,analysing,,,,
analytics,,,,,
analyze qualitatively,analysing qualitatively,,,,
analyze quantitatively,analysing quantitatively,,,,
ancient,,,,,
android,❌ DELETE,,,,
animation,animating,,,,
anno 1900-1999,20th century,,,,
annotation,annotating,,,,
annotation system design,✂️ SPLIT,"['annotation system', 'system design', 'annotation design']",,,
anthony,❌ DELETE,,,,
anthropology,,,,,
anyobject,,,,,
app,,,,,
applications and critiques,application and critique,✂️ SPLIT,"['application', 'critique']",,
apportionment,,,,,
arch,❌ DELETE_TEXTUAL,,,,
archaeologicalsites,archaelogical site,,,,
archaeology,,,,,
archetype,,,,,
archimedes,❌ DELETE,,,,
architect,,,,,
architectural history,,,,,
architecture,,,,,
archival studies,,,,,
archives,archive,,,,
archiving,,,,,
archivists,archivist,,,,
aristoteles,❌ DELETE,,,,
art / general,art,,,,
art history,,,,,
artefacts,artifact,,,,
artificial intelligence,artificial intelligence (ai),,,,
artists books,artist book,,,,
arts,art / general,art,,,
aspect analysis,,,,,
assessing,,,,,
ästhetik,aesthetic,,,,
atlanta,❌ DELETE,,,,
attitudes,attitude,,,,
attribution of authorship,authorship attribution,,,,
audiences,audience,,,,
audio,,,,,
aufbruch,❌ DELETE_TEXTUAL,,,,
augsburg,❌ DELETE,,,,
ausgedruckt,printed,❌ DELETE,,,
"austen, jane - technique",jane austen technique,,,,
australian literature,,,,,
authenticate,authenticating,,,,
authority,,,,,
authorship,,,,,
autocad/autolisp,✂️ SPLIT,"['autocad', 'autolisp']",,,
automated data collection,✂️ SPLIT,"['automating', 'data collection']",,,
automatic linguistic analysis,✂️ SPLIT,"['automating', 'linguistic analysis']",,,
automation,automating,,,,
award,,,,,
awareness,,,,,
"ayers, edward l.",edward l. ayers,❌ DELETE,,,
babel,❌ DELETE,,,,
baker-nord,❌ DELETE,,,,
beginning,❌ DELETE_TEXTUAL,,,,
bellissimo,beautiful,❌ DELETE_TEXTUAL,,,
berlin (hu),hu berlin,❌ DELETE,,,
berlin (tu),tu berlin,❌ DELETE,,,
"berners-lee, tim",tim berners-lee,❌ DELETE,,,
bestiaire,bestiary,,,,
bible,❌ DELETE,,,,
bibliografie,bibliography,,,,
bibliographical control,,,,,
bibliography methodology,,,,,
"bibliography theory, methods, etc",✂️ SPLIT,"['bibliography theory', 'bibliography methodology']",,,
bibliotecas digitales,digital library,,,,
bielefeld,❌ DELETE,,,,
big data,,,,,
biography,,,,,
biology,,,,,
blog,,,,,
blogging,,,,,
bochum,❌ DELETE,,,,
boekgeschiedenis,book history,,,,
bomb,bombardement,,,,
bonn,❌ DELETE,,,,
book,,,,,
book lists,bibliography,,,,
book reviews,book review,,,,
books and literature,✂️ SPLIT,"['book', 'literature']",,,
books in art,✂️ SPLIT,"['book', 'art']",,,
brain pickings,❌ DELETE_TEXTUAL,,,,
"brand, stewart",stewart brand,❌ DELETE,,,
brewster,❌ DELETE,,,,
british,,,,,
british library,❌ DELETE,,,,
british museum,❌ DELETE,,,,
"broch, hermann",hermann broch,❌ DELETE,,,
brooklyn (nyc),❌ DELETE,,,,
browsing,,,,,
brute force method,✂️ SPLIT,"['brute force method', 'brute force']",,,
building,,,,,
"bush, vannevar",vannevar bush,❌ DELETE,,,
bushwick (nyc),❌ DELETE,,,,
business,,,,,
business & economics / commerce,✂️ SPLIT,"['business', 'economics', 'commerce']",,,
business & economics / statistics,✂️ SPLIT,"['business', 'economics', 'statistics']",,,
business case,,,,,
business cycles,business cycle,,,,
business process,,,,,
byrd,❌ DELETE,,,,
byzantine,,,,,
caad,computer-aided architectural design (caad),,,,
cached resources,,,,,
cad,,,,,
california,❌ DELETE,,,,
california (southern),southern california,❌ DELETE,,,
campaign finance,,,,,
canada,❌ DELETE,,,,
canadian century research infrastructure,❌ DELETE,,,,
capture,capturing,,,,
carpettablu2006,❌ DELETE_TEXTUAL,,,,
casa sarmento,❌ DELETE_TEXTUAL,,,,
case,❌ DELETE_TEXTUAL,,,,
case studies,case study,,,,
categorization,categorising,,,,
catolog,cataloguing,,,,
census,,,,,
centre for digital humanities,❌ DELETE,,,,
césaire aimé,❌ DELETE,,,,
chancery letters,chancery letter,,,,
changes in language over time,✂️ SPLIT,"['language change', 'change over time', 'linguistic change']",,,
character discourse,,,,,
characters and characteristics in literature,✂️ SPLIT,"['character in literature', 'characteristics in literature']",,,
"chaucer, geoffrey",geoffrey chaucer,❌ DELETE,,,
chemistry,,,,,
christian,,,,,
cidoc-crm,,,,,
circle,calendar of irish chancery letters (circle),,,,
citation,citing,,,,
city,,,,,
city planning,,,,,
civil war,,,,,
civilization,civilisation,,,,
"civilization, medieval, in literature",medieval civilisation in literature,✂️ SPLIT,"['medieval civilization', 'medieval literature']",,
claire warwick,❌ DELETE,,,,
classics,classic,,,,
climate change,,,,,
clinical document architecture,clinical document architecture (cda),,,,
"clinton, bill",bill clinton,❌ DELETE,,,
clipping,,,,,
cloudfab,❌ DELETE,,,,
cluster mining,,,,,
clustering,,,,,
clustering algorithms,clustering algorithm,,,,
co-located groups,co-located group,,,,
coauthors,coauthoring,,,,
code,,,,,
codex,,,,,
coding theory,,,,,
cognates,cognate,,,,
cohen,❌ DELETE,,,,
colette,❌ DELETE,,,,
collaboration,collaborating,,,,
collaborative,collaborating,,,,
collaborative creation,,,,,
collaborative interpretation,,,,,
collaborative text analysis,✂️ SPLIT,"['collaborating', 'text analysis']",,,
collaborative text annotation,✂️ SPLIT,"['collaborating', 'text annotation']",,,
collaborative text editing,✂️ SPLIT,"['collaborating', 'text editing']",,,
collation,collating,,,,
collect,collecting,,,,
collections,collection,,,,
collectors and collecting,✂️ SPLIT,"['collector', 'collecting']",,,
college students,college student,,,,
colleges and universities,college and university,✂️ SPLIT,"['college', 'university']",,
collocation,collocating,,,,
cologne,❌ DELETE,,,,
columbia,❌ DELETE,,,,
comics,comic,,,,
commitment building,,,,,
communication,communicating,,,,
communication in learning and scholarship,✂️ SPLIT,"['communication in learning', 'communication in scholarship']",,,
communication in science,science communication,,,,
communications behavior,communication behaviour,,,,
community,,,,,
community colleges,community college,,,,
community grid,,,,,
communitybuilding,community building,,,,
compare,comparing,,,,
compassion,❌ DELETE_TEXTUAL,,,,
competitive intelligence,,,,,
complexity,❌ DELETE_TEXTUAL,,,,
computational linguistic,computational linguistics,,,,
computational methods,computational method,,,,
computer,,,,,
computer graphics,,,,,
computer industry,,,,,
computer mediated communication,,,,,
computer network resources,computer network resource,✂️ SPLIT,"['computer network', 'network resource']",,
computer networks,computer network,,,,
computer science,,,,,
computer science - artificial intelligence,✂️ SPLIT,"['computer science', 'artificial intelligence']",,,
computer science - computation and language,✂️ SPLIT,"['computer science', 'computation and language']",,,
computer science - computers and society,✂️ SPLIT,"['computer science', 'computers and society']",,,
computer science - digital libraries,computer science - digital library,✂️ SPLIT,"['computer science', 'digital library']",,
computer software,,,,,
computer-assisted instruction,computer-assisted instruction (cai),,,,
computer-mediated communication,computer mediated communication,computer-mediated communication (cmc),,,
computer-supported cooperative work,computer-supported cooperative work (cscw),,,,
computer. informatica. automatisering,✂️ SPLIT,"['computer', 'computer science', 'automation']",,,
computerarchitectuur. operating systems,✂️ SPLIT,"['computer architecture', 'operating system']",,,
computers,computer,computer,,,
computers / computer science,✂️ SPLIT,['computer science'],,,
computers / computer vision & pattern recognition,✂️ SPLIT,"['computer vision', 'pattern recognition']",,,
computers / data processing,✂️ SPLIT,['data processing'],,,
computers / databases / data mining,✂️ SPLIT,"['database', 'data mining']",,,
computers / databases / general,✂️ SPLIT,['database'],,,
computers / desktop applications / design & graphics,✂️ SPLIT,"['desktop application', 'design', 'graphics']",,,
computers / electronic publishing,✂️ SPLIT,['electronic publishing'],,,
computers / expert systems,✂️ SPLIT,['expert system'],,,
computers / information technology,✂️ SPLIT,['information technology'],,,
computers / intelligence (ai) & semantics,✂️ SPLIT,"['artificial intelligence', 'semantics']",,,
computers / interactive & multimedia,✂️ SPLIT,"['interaction', 'multimedia']",,,
computers / natural language processing,✂️ SPLIT,['natural language processing'],,,
computers / networking / hardware,✂️ SPLIT,"['networking', 'hardware']",,,
computers / optical data processing,✂️ SPLIT,['optical data processing'],,,
computers / programming / general,✂️ SPLIT,['programming'],,,
computers / system administration / storage & retrieval,✂️ SPLIT,"['system administration', 'storage', 'retrieval']",,,
computers and the internet,✂️ SPLIT,"['computer', 'internet']",,,
conceptual art,,,,,
conceptualizing,conceptualising,,,,
conditional random field,conditional random field (crf),,,,
conferences,conference,,,,
congress,❌ DELETE,,,,
connected,connecting,,,,
connected age,,,,,
connectionism,,,,,
conscientisation,raising awareness,,,,
consumer,,,,,
contentanalysis,content analysis,,,,
contextual exploration,,,,,
contextual feature,,,,,
conversion,converting,,,,
convolutional and recurrent neural networks,convolutional and recurrent neural network,✂️ SPLIT,"['convolutional neural network', 'recurrent neural network']",,
convolutional neural networks,convolutional neural network,,,,
cooccurrence,,,,,
cool,❌ DELETE,,,,
cooperative working method,✂️ SPLIT,"['cooperative working', 'working method']",,,
coordination issues,coordination issue,,,,
core number,,,,,
coreference,,,,,
corobrik,❌ DELETE,,,,
corpora,,,,,
corps (philosophie),body,✂️ SPLIT,"['body', 'philosophy']",,
corpus linguistique,linguistic corpus,,,,
corpus stylistics,,,,,
corrélats,correlate,,,,
cosine similarity,,,,,
counter culture,,,,,
creation,creating,,,,
création (esthétique),aesthetic creation,,,,
creativity,,,,,
"crestani, marcus",marcus crestani,❌ DELETE,,,
critica del testo,text criticism,,,,
critical thinking,,,,,
criticism,,,,,
criticism - data processing,✂️ SPLIT,"['criticism', 'data processing']",,,
"criticism, textual congresses",✂️ SPLIT,"['criticism', 'textual congress']",,,
"criticism, textual handbooks, manuals, etc. y",✂️ SPLIT,"['criticism', 'textual handbook', 'manual']",,,
criticism/ data processing,criticism - data processing,✂️ SPLIT,"['criticism', 'data processing']",,
critique génétique,genetic criticism,,,,
critique textuelle,textual criticism,,,,
crowdsourcing,,,,,
cscw,computer supported cooperative work (cscw),,,,
cuestiones textuales,textual issues,,,,
cultural evolution,,,,,
cultural heritage,,,,,
cultural relations,cultural relation,,,,
cultural studies,,,,,
culture,,,,,
curators,curator,,,,
curiosité_perso,personal curiosity,❌ DELETE_TEXTUAL,,,
current population survey,✂️ SPLIT,"['current survey', 'population survey']",,,
curricula,curriculum,,,,
customization,customising,,,,
cv,curriculum vitae (cv),❌ DELETE_TEXTUAL,,,
cyberinfrastructure,cyber infrastructure,,,,
da_it.cult.class_2006,❌ DELETE,,,,
"darwin, charles, 1809-1882",charles darwin,❌ DELETE,,,
data,❌ DELETE_TEXTUAL,,,,
data anaylsis,data analysis,,,,
data bases,database,,,,
data collection,,,,,
data extraction,,,,,
data federation,,,,,
data integration,,,,,
data mining,,,,,
data processing,,,,,
data processing computer science,✂️ SPLIT,"['data processing', 'computer science']",,,
data visualization tools,data visualisation tool,,,,
data/databases,data,database,✂️ SPLIT,"['data', 'database']",
database,data bases,database,,,
dataflow,,,,,
datarecognition,data recognition,,,,
datenmodellierung,data modelling,,,,
david,❌ DELETE,,,,
david rumsey,❌ DELETE,,,,
dead sea scrolls,dead sea scroll,,,,
death penalty,,,,,
deaths (fatalities),death,,,,
deception detection,,,,,
definepolicy,policy definition,,,,
delaunay triangulation,,,,,
delpher,,,,,
dense region,,,,,
"derrida ,  jacques  ( 1930-2004 )",jaques derrida,❌ DELETE,,,
design,designing,,,,
design implication,,,,,
design theorie,design theory,,,,
designer,,,,,
developing,,,,,
dh 2011 opening keynote,opening keynote,,,,
dhsi,❌ DELETE,,,,
dhsi2009,❌ DELETE,,,,
dialects,dialect,,,,
dialogue,,,,,
dickens,❌ DELETE,,,,
dictionaries,dictionary,,,,
digital,❌ DELETE_TEXTUAL,,,,
digital classicist,,,,,
digital communications,digital communication,,,,
digital content,❌ DELETE_TEXTUAL,,,,
digital curation and preservation,✂️ SPLIT,"['digital curation', 'digital preservation']",,,
digital ecosystem,,,,,
digital editing,digital scholarly edition,,,,
digital editions,digital scholarly edition,,,,
digital forensic science,✂️ SPLIT,"['digital forensics', 'forensic science']",,,
digital history,,,,,
digital humanities,,,,,
digital lexicography,,,,,
digital libraries,digital library,,,,
digital libraries access control,✂️ SPLIT,"['digital library', 'access control']",,,
digital library project,✂️ SPLIT,"['digital library', 'library project']",,,
digital library use,✂️ SPLIT,"['digital library', 'library use']",,,
digital media,new media,,,,
digital preservation,,,,,
digital resources,digital resource,,,,
digital scholarly editions,digital scholarly edition,,,,
digital scholarly work,,,,,
digital scholarship,,,,,
digital technology,❌ DELETE_TEXTUAL,,,,
digital text,❌ DELETE_TEXTUAL,,,,
digital+,❌ DELETE_TEXTUAL,,,,
digitale medien,new media,,,,
digitalhumanities,digital humanities,digital humanities,,,
digitisation,digitising,,,,
digitize,digitisation,digitising,,,
digitized,digitisation,digitize,digitising,❌ DELETE,
dimensionality reduction,,,,,
discourseanalysis,discourse analysis,,,,
discovering,,,,,
diskurs analyse - informatik - methoden,discourse analysis - computer science - methods,✂️ SPLIT,"['discourse analysis', 'computer science', 'computer science method']",,
diskurs analyse - literatur - informatik,discourse analysis - literature -computer science,✂️ SPLIT,"['discourse analysis', 'literature analysis', 'computer science']",,
dissemination,disseminating,,,,
distance measure,,,,,
distant reading,,,,,
distributed and interdisciplinary research teams,✂️ SPLIT,"['distributed research team', 'interdisciplinary research team']",,,
distributed collaborative work,✂️ SPLIT,"['distributed work', 'collaborative work']",,,
distributed proofreading project,✂️ SPLIT,"['distributed project', 'proofreading project']",,,
dlc,downloadable content (dlc),,,,
document clustering,,,,,
document clustering and classification,✂️ SPLIT,"['document clustering', 'document classification']",,,
document image processing,✂️ SPLIT,"['document image', 'document processing', 'image processing']",,,
document layout analysis,document layout analysis (dla),✂️ SPLIT,"['document analysis', 'layout analysis', 'document layout']",,
document preparation and text processing,✂️ SPLIT,"['document preparation', 'text processing']",,,
documentaire informatie,documentary information,,,,
documentation,documenting,,,,
documents,document,❌ DELETE_TEXTUAL,,,
dokumentation,documentation,documenting,,,
domain specific languages,domain specific language,,,,
donaldson,❌ DELETE,,,,
doug,❌ DELETE,,,,
drafts,draft,❌ DELETE_TEXTUAL,,,
drama / shakespeare,shakespearean drama,,,,
dubai,❌ DELETE,,,,
dublin four courts,❌ DELETE,✂️ SPLIT,"['dublin', 'four courts']",,
duitse letterkunde,german literature,,,,
duitsland,germany,❌ DELETE,,,
duke university,❌ DELETE,,,,
duquesne university,❌ DELETE,,,,
dworak,❌ DELETE,,,,
e-journals,e-journal,,,,
early california population project,❌ DELETE,,,,
"early modern, 1500-1700",early modern age,,,,
earth sciences,550 geowissenschaften,geosciences,,,
"ebner, h.",h. ebner,❌ DELETE,,,
ecdotica,text criticism,,,,
economic change,,,,,
economic conditions,economic condition,,,,
economics,,,,,
edición digital,digital scholarly edition,,,,
edinburgh,❌ DELETE,,,,
edit distance,,,,,
editing,,,,,
édition électronique,digital edition,,,,
édition génétique,genetic edition,,,,
édition numérique,digital edition,,,,
édition savante électronique,digital scholarly edition,✂️ SPLIT,"['electronic publishing', 'scholarly publishing']",,
editionswissenschafte,editionswissenschaften,edition sciences,,,
editionswissenschaften,edition sciences,,,,
editor,,,,,
edson,❌ DELETE,,,,
education,,,,,
education / research,education research,✂️ SPLIT,"['education', 'research']",,
"education, higher",higher education,higher education,,,
educational,education,,,,
educational policy,,,,,
egan,❌ DELETE,,,,
egyptology,,,,,
elections,election,,,,
electrical engineering,,,,,
electronic,,,,,
electronic book,,,,,
electronic books and readers,✂️ SPLIT,"['electronic book', 'electronic reader']",,,
electronic data processing,data processing,,,,
electronic information resources,electronic information resource,✂️ SPLIT,"['electronic information', 'information resource', 'electronic resource']",,
electronic lexica,,,,,
electronic mail,,,,,
electronic periodicals,electronic periodical,,,,
electronic publishing,,,,,
electronic records,electronic record,,,,
electronic text,❌ DELETE_TEXTUAL,,,,
electronic theses and dissertations,electronic thesis and dissertation,✂️ SPLIT,"['electronic thesis', 'electronic dissertation']",,
electronics,,,,,
elshinnawi,❌ DELETE,,,,
emergence,,,,,
emotion,,,,,
encode,encoding,,,,
encoding,encode,encoding,,,
encoding schemes,encoding scheme,,,,
encountered information,❌ DELETE_TEXTUAL,,,,
encyclopedias,encyclopaedia,,,,
end,❌ DELETE_TEXTUAL,,,,
endowment,,,,,
engelse letterkunde,english literature,,,,
england,❌ DELETE,,,,
english,,,,,
english literature,,,,,
"english literature/ middle english, 1100-1500/ history and criticism",✂️ SPLIT,"['english literature', 'middle english period', 'history', 'criticism']",,,
enrichment,enriching,,,,
enseignants de français,french teacher,,,,
entertainment,,,,,
environmentalism,,,,,
ereignis-modell,event model,,,,
error analysis,,,,,
erschließungsverfahren,development procedure,,,,
essen,❌ DELETE,,,,
estadísticas lexicales,statistique lexicale,lexical statistics,,,
et les chiens se taisaient,and the dogs were silent,❌ DELETE,,,
etd,✂️ SPLIT,"['electronic thesis', 'electronic dissertation']",,,
ethnography,,,,,
étiquetage,labelling,,,,
études francophones,francophone studies,,,,
europe,❌ DELETE,,,,
europeana,,,,,
evaluation,evaluating,,,,
eveil de conscience,awakening consciousness,,,,
event-model-f,,,,,
event-modell,event model,,,,
events,event,,,,
eventsml,,,,,
évolution,evolution,,,,
evolution (biology),evolution,,,,
examples,example,❌ DELETE_TEXTUAL,,,
exist knowledge base,eXist knowledge base,,,,
experimental,experiment,,,,
experiments,experiment,,,,
exploration de données,data mining,,,,
expression,,,,,
extraktion,extraction,,,,
facebook,❌ DELETE,,,,
faisal,❌ DELETE,,,,
feature extraction,,,,,
features,feature,,,,
federal government,,,,,
fiction,,,,,
fiction - technique,fiction technique,,,,
field study,,,,,
films,film/movie,,,,
filología,philology,,,,
filologia classica,classical philology,,,,
finereader,abbyy finereader,,,,
fires and firefighters,❌ DELETE_TEXTUAL,,,,
flights,flight,,,,
focus,❌ DELETE_TEXTUAL,,,,
for,❌ DELETE,,,,
foreign language study / english as a second language,✂️ SPLIT,"['foreign language study', 'english as second language']",,,
forensic sciences,forensic science,,,,
formative evaluation,,,,,
forschungsdatenmanagement,research data managment,,,,
"förtsch, reinhard",reinhard förtsch,❌ DELETE,,,
franco moretti,❌ DELETE,,,,
francophonie,,,,,
franse letterkunde,french literature,,,,
frantext,,,,,
frbr,functional requirements for bibliographic records (frbr),,,,
free market,,,,,
freedom,,,,,
freedom of speech and expression,✂️ SPLIT,"['freedom of speech', 'freedom of expression']",,,
french literature,franse letterkunde,french literature,,,
frequent pattern mining,✂️ SPLIT,"['frequent pattern mining (fpm)', 'pattern mining', 'frequent pattern (fp)']",,,
frequent terms,frequent term,,,,
from,❌ DELETE,,,,
fugitive slaves,fugitive slave,,,,
fun,❌ DELETE_TEXTUAL,,,,
future,,,,,
gadgets,gadget,,,,
games,game,,,,
gather,gathering,,,,
gender,,,,,
general,❌ DELETE,,,,
generalities,generality,❌ DELETE_TEXTUAL,,,
generations,generation,,,,
generic,❌ DELETE_TEXTUAL,,,,
geodh,,,,,
geographic information systems,geographic information system (gis),,,,
geography,,,,,
geography and history,✂️ SPLIT,"['geography', 'history']",,,
george mason university,❌ DELETE,,,,
german literature,,,,,
german studies,,,,,
germany,❌ DELETE,,,,
"giraudoux, jean (1882-1944) language",✂️ SPLIT,"['language', 'vocabulary']",,,
"giraudoux, jean (1882-1944) langue",✂️ SPLIT,"['language', 'vocabulary']",,,
giveoverview,overview,,,,
global management,,,,,
globalisation,,,,,
goerz,❌ DELETE,,,,
google,,,,,
google book search,,,,,
google inc,❌ DELETE,,,,
google scholar,,,,,
gospels,gospel,,,,
government,,,,,
government information,,,,,
"gradmann, stefan",stefan gradmann,❌ DELETE,,,
grafische industrie,graphics industry,,,,
graph invariant,,,,,
graphdatenbanken,graph database,,,,
"graz, at",graz,❌ DELETE,,,
greasemonkey,,,,,
great britain,❌ DELETE,,,,
greek,,,,,
green,❌ DELETE_TEXTUAL,,,,
greg,❌ DELETE,,,,
grid computing,,,,,
groupware,,,,,
guttenbergs william shakespeare stories dataset,✂️ SPLIT,"['gutenberg project', 'shakespeare story dataset']",,,
guy,❌ DELETE,,,,
h264,,,,,
hacks,hack,,,,
hamburg,❌ DELETE,,,,
handschriften. epigrafie. paleografie,manuscripts,palaeography,manuscripts. epigraphy. palaeography,✂️ SPLIT,"['manuscript', 'epigraphy', 'paleography']"
handwriting,,,,,
handwriting recognition,handwriting recognition (htr),,,,
handwritten information extraction,✂️ SPLIT,"['handwritten information', 'information extraction']",,,
header,,,,,
heidelberg,❌ DELETE,,,,
hellespont,❌ DELETE,,,,
heml,,,,,
heritage,,,,,
hgis,historical geographic information system (hgis),,,,
hierarchical agglomerative clustering algorithm,✂️ SPLIT,"['hierarchical agglomerative clustering (hac)', 'hierarchical agglomerative clustering algorithm']",,,
higher education,"education, higher",higher education,,,
hinojo,fennel,❌ DELETE,,,
hipertexto,hypertext,,,,
historians,historian,,,,
historic documents,historical document,,,,
historical accuracy,,,,,
historical background,,,,,
historical census documents,historical census document,✂️ SPLIT,"['historical census', 'census document']",,
historical corpora,historical corpus,,,,
historical document processing,✂️ SPLIT,"['historical document processing', 'historical document', 'document processing']",,,
historical geographic information systems,historical geographic information system,✂️ SPLIT,"['historical geographic information system (hgis)', 'geographic information system (gis)']",,
historical geography,,,,,
historical research,historical studies,,,,
historical sources,historical source,,,,
historical spelling variants,historical spelling variant,✂️ SPLIT,"['historical spelling', 'spelling variant', 'historical variant']",,
historiography,,,,,
history,,,,,
history / australia & new zealand,✂️ SPLIT,['history'],,,
history / europe / great britain,✂️ SPLIT,['history'],,,
history / historical geography,✂️ SPLIT,"['history', 'historical geography']",,,
history / united states / 20th century,✂️ SPLIT,"['history', '20th century']",,,
history and criticism,✂️ SPLIT,"['history', 'criticism']",,,
history matters,,,,,
history sources,historical source,,,,
history study & teaching,✂️ SPLIT,"['history study', 'history teaching']",,,
history teaching,,,,,
höfische dichtung,courtly poetry,,,,
höfische literatur,courtly literature,,,,
honeysett,martin honeysett,❌ DELETE,,,
hss,hochschulschrift,❌ DELETE_TEXTUAL,,,
html,hypertext markup language (html),,,,
human geography,,,,,
human-computer interaction,human-computer interaction (hci),,,,
humanidades digitales,digital humanities,digital humanities,,,
humanisme,humanism,,,,
humanistic,,,,,
humanités numériques,digital humanities,,,,
humanities,,,,,
humanities computing,,,,,
humanities digital libraries,humanities digital library,✂️ SPLIT,"['digital humanities', 'digital library']",,
humanity,,,,,
hyperbase,❌ DELETE_TEXTUAL,,,,
hypercities,hypercity,,,,
hyperdokument,hyperdocument,,,,
hyperides,❌ DELETE,,,,
hypertext,,,,,
hypothesis,,,,,
i059227int1,❌ DELETE,,,,
idea finding,❌ DELETE_TEXTUAL,,,,
ideas,idea,❌ DELETE_TEXTUAL,,,
identifying,,,,,
ifc,industry foundation class (ifc),,,,
illinois (chicago),❌ DELETE,,,,
image processing and computer vision,✂️ SPLIT,"['image processing', 'computer vision']",,,
image registration,,,,,
image scanners,image scanner,,,,
images,image,,,,
imaging,,,,,
imitation,imitating,,,,
imitation in literature,✂️ SPLIT,"['imitation', 'literature']",,,
immersive,❌ DELETE_TEXTUAL,,,,
immunology,,,,,
impeachment,,,,,
imprenta,print,,,,
indexing services,indexing service,,,,
india,❌ DELETE,,,,
indians,,,,,
informatiesystemen,information system,,,,
information,❌ DELETE_TEXTUAL,,,,
information access,,,,,
information extraction,,,,,
information management,,,,,
information mining,,,,,
information policy,,,,,
information resources management,information resources management (irm),,,,
information retrieval,information retrieval (ir),,,,
information retrieval system,information retrieval system (irs),,,,
information storage and retrieval,✂️ SPLIT,"['information storage', 'information retrieval']",,,
information storage and retrieval systems,information storage and retrieval system,✂️ SPLIT,"['information storage system', 'information retrieval system']",,
information systems applications (incl.internet),✂️ SPLIT,"['information system', 'application']",,,
information technology,,,,,
information visualization,information visualisation,,,,
information-rich virtual environments,information-rich virtual environment (irve),,,,
informationsprozess,information process,,,,
infrastructures,infrastructure,,,,
inkunabel,incunabulum,,,,
innovation,,,,,
inspiration,,,,,
institutions,institution,,,,
integrated public use microdata series,integrated public use microdata series (ipums),,,,
intellectual collaboration,,,,,
intellectual property,intellectual property (ip),,,,
intellectual property analysis,,,,,
intellectual structure,,,,,
intellectuals,intellectual,,,,
interaction,,,,,
interconnected,interconnection,,,,
interdisciplinariedad,interdisciplinarity,interdisciplinarity,,,
interdisciplinarity,,,,,
interdisciplinary approach in education,✂️ SPLIT,"['interdisciplinary approach', 'educational approach', 'educational interdisciplinary approach']",,,
interface,,,,,
interfaces (informatique),interface,interface,✂️ SPLIT,"['interface', 'computer science']",
intermediate concept,,,,,
internet (review article),✂️ SPLIT,"['internet', 'review article']",,,
internet programming,web development,,,,
interoperability,,,,,
interpersonal relations,interpersonal relation,,,,
interpretation,,,,,
intertextuality,,,,,
intro,❌ DELETE_TEXTUAL,,,,
introductory,introduction,,,,
invalid doi,❌ DELETE,,,,
invisibleaustralians,invisibleaustralians,invisible australians,❌ DELETE,,
ipad,❌ DELETE,,,,
iphone,❌ DELETE,,,,
irish,,,,,
is teams,is team,❌ DELETE_TEXTUAL,,,
isin_us30303m1027,❌ DELETE,,,,
isin_us38259p5089,❌ DELETE,,,,
israel,❌ DELETE,,,,
issue 9,❌ DELETE,,,,
"italian language criticism, textual.",textual italian language criticism,✂️ SPLIT,"['italian language', 'textual criticism']",,
"italian literature criticism, textual",textual italian literature criticism,✂️ SPLIT,"['italian literature', 'textual criticism']",,
italian philology study and teaching y,italian philology study and teaching,,,,
italian philology. y,italian philology,,,,
item,❌ DELETE,,,,
ithaka,❌ DELETE,,,,
j.5 computer applications: arts and humanities,✂️ SPLIT,"['computer application', 'arts', 'humanities']",,,
jasim,❌ DELETE,,,,
java,,,,,
java script,javascript (js),,,,
jennifer pahlka,❌ DELETE,,,,
jewish studies,,,,,
jgaap,java graphical authorship attribution program (jgaap),,,,
jisc,joint information systems committee,❌ DELETE,,,
johnny cash,❌ DELETE,,,,
"johnson, andrew",andrew johnson,❌ DELETE,,,
journal of american history,❌ DELETE,,,,
journal publishing,,,,,
journalism,,,,,
journals,journal,,,,
json,javascript object notation (json),,,,
jules verne,❌ DELETE,,,,
juxta,❌ DELETE_TEXTUAL,,,,
k-means clustering algorithm,,,,,
kahle,❌ DELETE,,,,
kaptur,,,,,
katherine,❌ DELETE,,,,
kb lab,❌ DELETE,,,,
keynote,,,,,
kiel,❌ DELETE,,,,
kippelboy,❌ DELETE,,,,
"klaeren, herbert",herbert klaeren,❌ DELETE,,,
knowledge,❌ DELETE_TEXTUAL,,,,
knowledge community,,,,,
knowledge mining,,,,,
koblin,aaron koblin,❌ DELETE,,,
kollokation,collocation,collocating,,,
kommunikationsprozess,communication process,,,,
"kropač, i.h.",ingo h. kropač,❌ DELETE,,,
la frase,sentence,,,,
la phrase,sentence,,,,
la ponctuation,punctuation,,,,
la puntuación,punctuation,,,,
lab,❌ DELETE_TEXTUAL,,,,
labor,labour,,,,
labor history,labour history,,,,
language,,,,,
language arts & disciplines / authorship,✂️ SPLIT,"['language art', 'language discipline', 'authorship']",,,
language arts & disciplines / communication studies,✂️ SPLIT,"['language art', 'language discipline', 'communication studies']",,,
language arts & disciplines / general,✂️ SPLIT,"['language art', 'language discipline']",,,
language arts & disciplines / library & information science / archives & special libraries,✂️ SPLIT,"['language art', 'language discipline', 'library science', 'information science', 'archive', 'special library']",,,
language arts & disciplines / library & information science / general,✂️ SPLIT,"['language art', 'language discipline', 'library science', 'information science']",,,
language arts & disciplines / linguistics / general,✂️ SPLIT,"['language art', 'language discipline', 'linguistics']",,,
language arts & disciplines / linguistics / semantics,✂️ SPLIT,"['language art', 'language discipline', 'linguistics', 'semantics']",,,
language arts & disciplines / linguistics / sociolinguistics,✂️ SPLIT,"['language art', 'language discipline', 'linguistics', 'sociolinguistics']",,,
language arts & disciplines / literacy,✂️ SPLIT,"['language art', 'language discipline', 'literacy']",,,
language arts & disciplines / publishing,✂️ SPLIT,"['language art', 'language discipline', 'publishing']",,,
language arts & disciplines / rhetoric,✂️ SPLIT,"['language art', 'language discipline', 'rhetoric']",,,
language arts & disciplines / speech,✂️ SPLIT,"['language art', 'language discipline', 'speech']",,,
language theory,,,,,
langzeitarchivierung,digital preservation,,,,
large corpus,corpus,,,,
large displays,widescreen,,,,
large lexicon fields,large lexicon field,❌ DELETE_TEXTUAL,,,
"latin language criticism, textual.",textual latin language criticism,✂️ SPLIT,"['latin', 'language criticism', 'textual criticism']",,
latin text,latin,✂️ SPLIT,['latin'],,
law,,,,,
law / legal history,✂️ SPLIT,"['law', 'legal history']",,,
layoutanalyse,layout analysis,,,,
leadership,,,,,
learned,❌ DELETE_TEXTUAL,,,,
learning,,,,,
learning and scholarship,✂️ SPLIT,"['learning', 'scholarship']",,,
lecture à l’écran,screen reading,,,,
lecture distante,distant reading,,,,
lemmes,❌ DELETE_TEXTUAL,,,,
letterkunde,literature,,,,
letterkunde: auteurs,✂️ SPLIT,"['literature', 'author']",,,
letters,letter,,,,
lexical item,,,,,
lexical studies,,,,,
lexicométrie,lexicometry,,,,
lexicon,,,,,
liberte,freedom,,,,
"librarians, academic",academic librarian,,,,
libraries,library,,,,
libraries (academic),academic library,,,,
libraries and librarians,✂️ SPLIT,"['library', 'librarian']",,,
library and information sciences,✂️ SPLIT,"['library science', 'information science']",,,
library science,,,,,
life-cyle,life cycle,,,,
lifestyle,,,,,
lightning,❌ DELETE_TEXTUAL,,,,
lincoln,❌ DELETE,,,,
linear discriminant analysis,linear discriminant analysis (lda),,,,
linguistic category,,,,,
linguistics,,,,,
linguistique,linguistics,,,,
linguistique de corpus,corpus linguistics,,,,
linguistique informatique,computational linguistics,,,,
linguistique systémique fonctionnelle,functional systems linguistics,,,,
linux,❌ DELETE,,,,
literaire semiotiek,literary semiotics,,,,
literary criticism,,,,,
literary criticism / american / general,✂️ SPLIT,['literary criticism'],,,
literary criticism / ancient & classical,✂️ SPLIT,"['literary criticism', 'ancient', 'classical']",,,
literary criticism / australian & oceanian,✂️ SPLIT,"['literary criticism', 'oceania']",,,
literary criticism / books & reading,✂️ SPLIT,"['literary criticism', 'book', 'reading']",,,
"literary criticism / european / english, irish, scottish, welsh",✂️ SPLIT,"['literary criticism', 'ireland']",,,
literary criticism / european / german,✂️ SPLIT,['literary criticism'],,,
literary criticism / medieval,✂️ SPLIT,"['literary criticism', 'medieval']",,,
literary criticism / reference,✂️ SPLIT,['literary criticism'],,,
literary criticism / semiotics & theory,✂️ SPLIT,"['literary criticism', 'semiotics', 'theory']",,,
literary criticism / shakespeare,✂️ SPLIT,['literary criticism'],,,
literary criticism / women authors,✂️ SPLIT,"['literary criticism', 'women author']",,,
literary transformation,,,,,
literary transmission,,,,,
literature,,,,,
literature publishing,,,,,
literaturwissenschaft,literary studies,,,,
littérature,literature,,,,
littérature et informatique,✂️ SPLIT,"['literature', 'information technology']",,,
littérature française,French literature,,,,
"littérature française 19e siècle thèmes, motifs",✂️ SPLIT,"['19th century', 'french literature', 'literature theme', 'literature motif']",,,
littérature française commentaire de texte,✂️ SPLIT,"['French literature', 'text commentary']",,,
little bits,❌ DELETE,,,,
livingstone,❌ DELETE,,,,
livres numériques,digital book,,,,
locality sensitive hashing,locality sensitive hashing (lsh),,,,
lode,,,,,
logiciel txm,tmx software,❌ DELETE_TEXTUAL,,,
logik,logic,,,,
logométrie,logometry,,,,
london,❌ DELETE,,,,
longitudinal case study,✂️ SPLIT,"['longitudinal case study', 'case study']",,,
lori,❌ DELETE,,,,
"love stories, english",english love story,,,,
"love stories, english - history and criticism",✂️ SPLIT,"['english love story', 'history', 'criticism']",,,
"love stories, english/ history and criticism",✂️ SPLIT,"['english love story', 'history', 'criticism']",,,
luther,martin luther,❌ DELETE,,,
machinelearning,machine learning (ml),,,,
"mahony, simon",simon mahony,❌ DELETE,,,
maker movement,,,,,
makerbot,❌ DELETE,,,,
makers,maker,,,,
management,,,,,
mann ohne eigenschaften,❌ DELETE,,,,
manuscript transmission,,,,,
manuscripts,manuscript,,,,
manuscrit,manuscripts,manuscript,,,
mapping,mapping,mapping,,,
maps,map,,,,
maria popova,❌ DELETE,,,,
markovchains,markov chains,,,,
markup language,,,,,
martin,❌ DELETE,,,,
maryland (rockville),❌ DELETE,,,,
mass media,,,,,
massacommunicatie,mass communication,,,,
math,mathematics,,,,
mathematics / discrete mathematics,✂️ SPLIT,"['mathematics', 'discrete mathematics']",,,
mathematics / probability & statistics / general,✂️ SPLIT,"['mathematics', 'probability', 'statistics']",,,
maximum entropy model,maximum entropy model (mem),,,,
mcanulty college,❌ DELETE,,,,
mcn,❌ DELETE,,,,
media,,,,,
media studies,,,,,
médias,media,,,,
médias numériques,digital media,new media,,,
mediavision,❌ DELETE,,,,
mediävistik,medieval studies,,,,
medicine,,,,,
medieval,,,,,
medieval documents,medieval document,,,,
meeting support tools,meeting support tool,,,,
mei,music encoding initiative (mei),,,,
melissa,❌ DELETE,,,,
melissaterras,melissa terras,❌ DELETE,,,
melody,❌ DELETE,,,,
mémoire,memory,,,,
memory,,,,,
merete,❌ DELETE,,,,
message,,,,,
metadata,,,,,
metamodel,,,,,
methodology,,,,,
methods,method,,,,
micah,❌ DELETE,,,,
michael,❌ DELETE,,,,
"middle english, 1100-1500",middle english,,,,
million,❌ DELETE_TEXTUAL,,,,
mind-mapping,,,,,
minería de datos,data mining,data mining,,,
"minnesota, university of (minnesota population center)",❌ DELETE,,,,
miscellanea,miscellaneous,❌ DELETE,,,
missions and missionaries,mission and missionary,✂️ SPLIT,"['mission', 'missionary']",,
mit,massachusetts institute of technology,❌ DELETE,,,
mittelhochdeutsch,middle high german,,,,
mmogs,massively multiplayer online game (mmog),,,,
mobile device,,,,,
modeling,modelling,,,,
modelo,modelling,,,,
modern,,,,,
modernism (literature),✂️ SPLIT,"['modernism', 'literature']",,,
moermond,❌ DELETE,,,,
more,❌ DELETE,,,,
"morent, stefan",stefan morent,❌ DELETE,,,
mots,word,,,,
mukomuc,❌ DELETE,,,,
multimedia information systems,multimedia information system (mis),,,,
multiplayer games,multiplayer game,,,,
multispectral,,,,,
münchen,munich,❌ DELETE,,,
münster (wwu),wwu münster,❌ DELETE,,,
murphy,❌ DELETE,,,,
musesocial,❌ DELETE_TEXTUAL,,,,
musetech,❌ DELETE_TEXTUAL,,,,
museums,museum,,,,
music,,,,,
music / genres & styles / rap & hip hop,✂️ SPLIT,"['music', 'music genre', 'music style', 'rap', 'hip hop']",,,
musicology,,,,,
"musil, robert",robert musil,❌ DELETE,,,
named events,named event,,,,
namedentities,named entity recognition (ner),,,,
namedentityrecognition,named entity recognition (ner),,,,
names,name,,,,
narration,narrative,,,,
narrative,,,,,
narratology,,,,,
national,❌ DELETE_TEXTUAL,,,,
national endowment,❌ DELETE_TEXTUAL,,,,
national historical geographic information system,national historical geographic information system (nhgis),✂️ SPLIT,"['national historical geographic information system', 'geographic information system']",,
natural language processing,natural language processing (nlp),,,,
neal,❌ DELETE,,,,
neal stimler,❌ DELETE,,,,
neh,National Endowment for the Humanities,❌ DELETE,,,
neighborhood graph,neighbourhood graph,,,,
neoliberalism,,,,,
network,,,,,
network analysis,,,,,
network analysis (planning),planning of a network analysis,✂️ SPLIT,"['network analysis', 'planning']",,
network science,,,,,
netz,❌ DELETE,,,,
neue medien,new media,,,,
neural networks,neural network,,,,
new,❌ DELETE,,,,
new york city,❌ DELETE,,,,
newmedia,new media,,,,
news,,,,,
newspapers,newspaper,,,,
nhsmukomuc,#nhsmukomuc,❌ DELETE_TEXTUAL,,,
nicole,❌ DELETE,,,,
nietzsche,❌ DELETE,,,,
nik,❌ DELETE,,,,
no,❌ DELETE_TEXTUAL,,,,
nolli,❌ DELETE_TEXTUAL,,,,
norfolk (va.),❌ DELETE,,,,
nouvelles technologies,new technology,❌ DELETE_TEXTUAL,,,
now,❌ DELETE,,,,
numérique,digital,❌ DELETE_TEXTUAL,,,
numérisation,digitisation,digitising,,,
"nußbaum, norbert",norbert nußbaum,❌ DELETE,,,
o-methods,o-method,❌ DELETE_TEXTUAL,,,
oberlin college,❌ DELETE,,,,
object,❌ DELETE_TEXTUAL,,,,
occupational mobility,,,,,
of,❌ DELETE,,,,
office,,,,,
office of digital humanities,❌ DELETE,,,,
omnibus,❌ DELETE_TEXTUAL,,,,
online collection,,,,,
online database,database,,,,
online discussion,,,,,
online games,online game,,,,
online information,❌ DELETE_TEXTUAL,,,,
online resource,,,,,
onlinecontent,online content,❌ DELETE_TEXTUAL,,,
onomastics,,,,,
ontario (south-central),❌ DELETE,,,,
ontologies,ontology,,,,
open access,,,,,
open educational resources,open educational resource (oer),,,,
open source,,,,,
opprime,oppressing,❌ DELETE_TEXTUAL,,,
optical character recognition,optical character recognition (ocr),,,,
ordnungsprinzip,ordering principle,,,,
organisational culture,,,,,
organisational structure,,,,,
organizing,organising,,,,
osnabrück,❌ DELETE,,,,
outline of american history,,,,,
outsource,outsourcing,,,,
owl,web ontology language (owl),,,,
p5,text encoding initiative (tei),,,,
palaeography,,,,,
palimpsest,,,,,
paper,,,,,
paper quality,,,,,
paradigmatic relation,,,,,
parameters,parameter,,,,
parody,,,,,
part,❌ DELETE_TEXTUAL,,,,
patchwork,,,,,
patent information,,,,,
pathfinder networks,pathfinder network,,,,
patrick juola,❌ DELETE,,,,
pattern clustering,,,,,
pattern finding,,,,,
pca,principal component analysis (pca),,,,
pedagogie,pedagogy,,,,
pedagogy,,,,,
pennsylvania (franklin county),❌ DELETE,,,,
pennsylvania state university,❌ DELETE,,,,
periodicals,periodical,,,,
person name disambiguation,,,,,
personal digital assistants,personal digital assistant (pda),,,,
personal narratives,narrative,,,,
persons,person,,,,
phillips,❌ DELETE,,,,
philosophical,philosophy,,,,
philosophy,,,,,
philosophy / criticism,✂️ SPLIT,"['philosophy', 'criticism']",,,
phonetic alignment,,,,,
phonetic similarity,,,,,
photographs,photograph,,,,
photography,,,,,
physical book,,,,,
physics,,,,,
pittsburgh,❌ DELETE,,,,
play,,,,,
plot,,,,,
"poetry / european / english, irish, scottish, welsh","european poetry (english, irish, scottish, welsh)",✂️ SPLIT,"['poetry', 'english poetry', 'irish poetry', 'scottish poetry', 'welsh poetry']",,
"poetry, modern",modern poetry,,,,
point cloud,,,,,
polar fact,❌ DELETE_TEXTUAL,,,,
police report,,,,,
political campaigns (gubernatorial),gubernatorial political campaign,✂️ SPLIT,"['political campaign', 'gubernatorial campaign']",,
political science,,,,,
political science / civil rights,✂️ SPLIT,"['political science', 'civil rights']",,,
politics,,,,,
polynomialverteilung,polynomial distribution,,,,
ponoko,❌ DELETE,,,,
population,,,,,
pq2613.i74. z5624 1976,❌ DELETE,,,,
pq79. .e77,❌ DELETE,,,,
pragmatiek,pragmatics,,,,
preservation,,,,,
prickman,❌ DELETE,,,,
primarily history project,history project,,,,
print culture,,,,,
print_on_demand,print-on-demand,❌ DELETE_TEXTUAL,,,
printed word anchors,printed word anchor,❌ DELETE_TEXTUAL,,,
prise de conscience,awareness,,,,
privacy,,,,,
probability,,,,,
processus de création,creation process,❌ DELETE_TEXTUAL,,,
product,,,,,
product review,product,,,,
production blocking,,,,,
"produkt model,",product,,,,
programming,,,,,
project,,,,,
project gutenberg,,,,,
projectmanagement,project management,,,,
psychology,,,,,
public,❌ DELETE_TEXTUAL,,,,
publication lists,publication list,,,,
publications,publication,,,,
publishers and publishing,✂️ SPLIT,"['publisher', 'publishing']",,,
publishing,,,,,
publishing tools,publishing tool,,,,
punctuation,,,,,
q&a,❌ DELETE_TEXTUAL,,,,
qualitative studies,,,,,
query expansion,,,,,
query term,,,,,
query/retrieve,✂️ SPLIT,"['querying', 'retrieving']",,,
question,,,,,
quilting,❌ DELETE_TEXTUAL,,,,
r,,,,,
race,,,,,
rdf,resource description framework (rdf),,,,
reading,,,,,
real-time distributed groupware,✂️ SPLIT,"['real-time', 'distributed groupware']",,,
recessions,recession,,,,
recherchesysteme,research system,,,,
récits de voyages français 19e siècle histoire et critique,✂️ SPLIT,"['19th century', 'french writing', 'travel writing', 'history', 'criticism']",,,
record-keeping,,,,,
recordsearch,record search,,,,
recovery,,,,,
recurrent neural networks,recurrent neural network (rnn),,,,
reelwow,❌ DELETE_TEXTUAL,,,,
reflect,reflecting,,,,
reform,,,,,
regensburg,❌ DELETE,,,,
registration algorithm,,,,,
regular expression,regular expression (regex),,,,
relational archaeology,,,,,
relationalanalysis,relational analysis,,,,
relationships,relationship,,,,
religion,,,,,
remix,,,,,
reorganization,reorganisation,,,,
repositories,repository,,,,
requirements analysis,,,,,
research,,,,,
research design,,,,,
researchresults,research result,,,,
reside,❌ DELETE_TEXTUAL,,,,
resource sharing,,,,,
responsibility,,,,,
retail,,,,,
reuse,,,,,
reviel,❌ DELETE,,,,
reviews,review,,,,
revolution,,,,,
rhetoric,,,,,
ritterdichtung,knight poetry,,,,
romance philology,,,,,
rome,❌ DELETE,,,,
root concept,,,,,
"rosenzweig, roy (obituary)",obituary roy rosenzweig,✂️ SPLIT,['obituary'],,
ryan,❌ DELETE,,,,
saggi,❌ DELETE_TEXTUAL,,,,
sanderhoff,❌ DELETE,,,,
sanskrit literature,,,,,
saylor,❌ DELETE,,,,
schlafwandler,❌ DELETE,,,,
"schmitz, wolfgang",wolfgang schmitz,❌ DELETE,,,
scholarly communications,scholarly communication,,,,
scholarly electronic publishing,✂️ SPLIT,"['scholarly publishing', 'electronic publishing']",,,
scholarship,,,,,
school integration,✂️ SPLIT,"['education', 'integration']",,,
schools,school,,,,
science,,,,,
science / earth sciences / geography,✂️ SPLIT,"['science', 'earth sciences', 'geography']",,,
science / philosophy & social aspects,✂️ SPLIT,"['science', 'philosophy', 'social aspects']",,,
science & the humanities,✂️ SPLIT,"['science', 'humanities']",,,
science fiction,,,,,
sciences humaines,humanities,,,,
scientific community,,,,,
scientific knowledge,❌ DELETE_TEXTUAL,,,,
scientific transformation,,,,,
scmuc12,❌ DELETE,,,,
search engine,,,,,
secondary education,,,,,
sem,simple event model (sem),,,,
semantic classis,semantic class,,,,
semantic relation,,,,,
semantic spatial web,,,,,
semantic web,,,,,
semantics,,,,,
semisupervised learning,semi-supervised learning,,,,
senate,❌ DELETE,,,,
sensible city,,,,,
sentence length,,,,,
sentiment analysis,,,,,
sgml,standard generalized markup language (sgml),,,,
shamela (book),❌ DELETE,,,,
shapeways,❌ DELETE,,,,
sharing,,,,,
sheep,❌ DELETE_TEXTUAL,,,,
sheetmusic,sheet music,,,,
sherry turkle,❌ DELETE,,,,
short messaging service,short messaging service (sms),,,,
simon,❌ DELETE,,,,
simulate,simulating,,,,
simulation and games,✂️ SPLIT,"['simulation', 'game']",,,
slabspatialvid,slab spatial vid,❌ DELETE_TEXTUAL,,,
slavery,,,,,
slaves,slave,,,,
small lexicon fields,❌ DELETE_TEXTUAL,,,,
sociability,,,,,
social,social aspect,❌ DELETE_TEXTUAL,,,
social aspects,social aspect,❌ DELETE_TEXTUAL,,,
social aspects methodology,social aspect,,,,
social conditions,social condition,,,,
social edition,,,,,
social isolation,isolation,,,,
social media,,,,,
social networks,social network,,,,
social science / ethnic studies / african american studies,✂️ SPLIT,"['social science', 'ethnic studies', 'african american studies']",,,
social science / gender studies,✂️ SPLIT,"['social science', 'gender studies']",,,
social science / media studies,✂️ SPLIT,"['social science', 'media studies']",,,
social science / popular culture,✂️ SPLIT,"['social science', 'popular culture']",,,
social science / sociology / general,✂️ SPLIT,"['social science', 'sociology']",,,
social science / sociology / marriage & family,✂️ SPLIT,"['social science', 'sociology', 'marriage', 'family']",,,
social science / womens studies,womens studies,,,,
social sciences,,,,,
social ties,social tie,,,,
sociology,,,,,
software,,,,,
south,,,,,
south carolina,❌ DELETE,,,,
space,,,,,
spatial humanities,,,,,
spatial information geographic information systems,✂️ SPLIT,"['spatial information', 'geographic information system', 'spatial information geographic information system (sigis)']",,,
spectral,❌ DELETE_TEXTUAL,,,,
speculation,,,,,
speech in literature,speech,,,,
speichermedien,storage media,,,,
spelling variation,spelling,,,,
sptial,spatial,,,,
stand-off markup,,,,,
standage,❌ DELETE,,,,
standards,standard,,,,
statistical analysis,,,,,
statistical analysis tool,✂️ SPLIT,"['statistical analysis', 'tool']",,,
statistics,,,,,
statistique,statistics,,,,
statistique lexicale,lexical statistics,,,,
statistique lexicale informatique,✂️ SPLIT,"['computer statistics', 'lexical statistics']",,,
statistiques lexicales,lexical statistics,,,,
stemmatology,,,,,
stemming,❌ DELETE_TEXTUAL,,,,
stephen marche,❌ DELETE,,,,
stimler,❌ DELETE,,,,
stop words,,,,,
storage,,,,,
story,❌ DELETE_TEXTUAL,,,,
storytelling,,,,,
strategic content alliance,❌ DELETE,,,,
string similarity,,,,,
structural features,,,,,
structuralanalysis,structural analysis,,,,
student,,,,,
study and teaching,✂️ SPLIT,"['studying', 'teaching', 'education']",,,
study of hebrew,,,,,
stuttgart,❌ DELETE,,,,
style,,,,,
stylisticanalysis,stylistic analysis,,,,
stylistics,,,,,
stylometry,,,,,
subscriptions,subscription,,,,
success,,,,,
successful people,❌ DELETE_TEXTUAL,,,,
suggestions for future,suggestion for future,❌ DELETE_TEXTUAL,,,
surface,,,,,
surveys,survey,,,,
suspended quotation,,,,,
sustainability,,,,,
syracuse university,❌ DELETE,,,,
system theory,,,,,
t-pen,transcription for paleographical and editorial notation (t-pen),,,,
tagging,,,,,
talks,presentation,,,,
tanner,❌ DELETE,,,,
taxonomic structure,,,,,
teachers,teacher,,,,
teaching,,,,,
teaching resources,teaching resource,,,,
teaching/learning,education,✂️ SPLIT,"['teaching', 'learning', 'education']",,
technological innovations,technological innovation,,,,
technological progress,❌ DELETE_TEXTUAL,,,,
technology,,,,,
technology (applied sciences),✂️ SPLIT,"['technology', 'applied science']",,,
technology & engineering / remote sensing & geographic information systems,✂️ SPLIT,"['technology', 'engineering', 'remote sensing', 'geographic information system']",,,
ted,❌ DELETE,,,,
ted talks,ted talk,,,,
ted2012,❌ DELETE_TEXTUAL,,,,
tedx,❌ DELETE,,,,
tedxvancouver,❌ DELETE,,,,
tei,,,,,
temporale relationen,temporal relation,,,,
tenure,,,,,
term extraction,,,,,
terras,melissa terras,❌ DELETE,,,
tesseract,,,,,
text analysis,,,,,
text data,❌ DELETE_TEXTUAL,,,,
text encoding,,,,,
text material,,,,,
text mining,,,,,
text processing (computer science),✂️ SPLIT,"['text processing', 'computer science']",,,
text-based scholarship,,,,,
textbooks,textbook,,,,
textbooks (review article),✂️ SPLIT,"['textbook', 'review article']",,,
textgenese,text genesis,,,,
textgrid project,❌ DELETE,,,,
textométrie,textometry,,,,
texts,text,,,,
textual criticism,,,,,
textual editing,,,,,
textual transmission,,,,,
tf - idf,term frequency - inverse document frequency (tf - idf),,,,
"thaller, manfred",manfred thaller,❌ DELETE,,,
the,❌ DELETE,,,,
the economist,❌ DELETE,,,,
the event ontology,event ontology,,,,
the sentence,sentence,,,,
thématique,thematic,❌ DELETE_TEXTUAL,,,
theology,,,,,
theorizing,,,,,
thesis,,,,,
thesis (ma level),master thesis,,,,
thesis (phd level),phd thesis,,,,
thingiverse,❌ DELETE,,,,
third places,third place,,,,
timeline,❌ DELETE_TEXTUAL,,,,
todd presner,❌ DELETE,,,,
todo,to do,❌ DELETE_TEXTUAL,,,
tom,❌ DELETE,,,,
tom standage,❌ DELETE,,,,
tool-entwicklung,tool development,,,,
tools,tool,,,,
top,❌ DELETE,,,,
topic modeling,topic modelling,,,,
toponym disambiguation,,,,,
touromeka,omeka,,,,
traduction,translation,,,,
training set construction,,,,,
transcription,transcribing,,,,
transfer learning,,,,,
transgender and transsexual,✂️ SPLIT,"['transgender', 'transsexual']",,,
transmission of texts,textual transmission,,,,
transtextuality,,,,,
travel / general,travelling,,,,
treasures,,,,,
trends,trend,,,,
trials,trial,,,,
trinity college,❌ DELETE,,,,
true teller,❌ DELETE_TEXTUAL,,,,
trust,,,,,
trust building,trust,,,,
trusted repositories,trusted repository,,,,
tübingen,❌ DELETE,,,,
tübingen (eberhard karls universität),eberhard karls universität tübingen,❌ DELETE,,,
twitter,,,,,
uae,united arab emirates,❌ DELETE,,,
übersicht event-modelle,event model,,,,
ubuntu 12.04 lts linux operating system,❌ DELETE,,,,
ucl,university college london,❌ DELETE,,,
ucl lunch hour lectures,university college london lunch hour lectures,❌ DELETE,,,
uncategorized,❌ DELETE,,,,
united states,❌ DELETE,,,,
united states social life & customs to 1775,✂️ SPLIT,"['united states social life to 1775', 'united states customs to 1775']",,,
universities,university,,,,
university of iowa,❌ DELETE,,,,
university presses,university press,,,,
unread,❌ DELETE,,,,
"uppsala, s",❌ DELETE,,,,
us census,,,,,
usability,,,,,
usage,❌ DELETE_TEXTUAL,,,,
user,,,,,
user interface,user interface (ui),,,,
user testing,,,,,
userscript,,,,,
"utrecht, nl",❌ DELETE,,,,
vandegrift,❌ DELETE,,,,
variants,❌ DELETE_TEXTUAL,,,,
vasi,❌ DELETE,,,,
video,,,,,
virginia,❌ DELETE,,,,
virginia (augusta county),❌ DELETE,,,,
virginia polytechnic institute and state university,❌ DELETE,,,,
virtual collaboration,collaboration,collaborating,,,
virtual communities,community,,,,
virtual corpus,corpus,,,,
virtual organisations,virtual organisation,,,,
virtual teams,virtual team,,,,
virtual visitors,virtual visitor,,,,
virtual working,,,,,
virtuelle foschungsumgebung,virtual research environment,,,,
visual,❌ DELETE_TEXTUAL,,,,
visual aids,visual aid,,,,
visualisation de données,data visualisation,,,,
visualize,visualising,,,,
voa,voice of america,❌ DELETE,,,
"vol. 2, no. 1 winter 2012",❌ DELETE,,,,
vook,✂️ SPLIT,"['book', 'video']",,,
vos,virtual object system (vos),,,,
voyages dans la littérature,journeys in literature,,,,
vulgate,,,,,
"wach, howard m.",howard m. wach,❌ DELETE,,,
watermarks,watermark,,,,
we,❌ DELETE,,,,
web,,,,,
"web mapping, internet, map-based online system, mapserver",✂️ SPLIT,"['web-mapping', 'internet', 'map-based online system', 'map server']",,,
web site development,web development,,,,
web sites,website,,,,
"web-mapping, internet, kartenserver","web-mapping, internet, map server",✂️ SPLIT,"['web-mapping', 'internet', 'map server']",,
what,❌ DELETE,,,,
where,❌ DELETE,,,,
white australia,,,,,
whole earth catalog,❌ DELETE,,,,
why,❌ DELETE,,,,
widescreen,,,,,
wikipedia,,,,,
wikipedia_as_model,wikipedia as model,,,,
wikipedia_as_subject,wikipedia as subject,,,,
wikipedia_critique,wikipedia critique,✂️ SPLIT,"['wikipedia', 'critique']",,
wikipedia_mixedview,wikipedia mixed view,❌ DELETE_TEXTUAL,,,
wikipedia_pedagogy,wikipedia pedagogy,✂️ SPLIT,"['wikipedia', 'pedagogy']",,
wikis,wiki,,,,
wits,wit,❌ DELETE,,,
womens history,women's history,,,,
word association,,,,,
word class,,,,,
workflow,,,,,
world,❌ DELETE_TEXTUAL,,,,
world history,,,,,
world wide web,web,,,,
writing,,,,,
writing saving  <br> citations zotero library research guides,✂️ SPLIT,"['citing', 'zotero']",,,
written communication,,,,,
x_astree,❌ DELETE,,,,
x-check,❌ DELETE_TEXTUAL,,,,
xml,extensible markup language (xml),,,,
yearindh2008,year in dh 2008,❌ DELETE_TEXTUAL,,,
youth,,,,,
zotero,,,,,
scholars,academic,academics,academic,,
analyzequalitatively,analyze qualitatively,analysing qualitatively,,,
annotating,annotation,annotating,,,
annotate,annotation,annotating,,,
the arts,art / general,arts,art,,
artifacts,artefacts,artifact,,,
assess,assessing,,,,
collaborating,collaboration,collaborating,,,
collaborate,collaboration,collaborating,,,
comic books,comics,comic,,,
communicating,communication,communicating,,,
communications,communication,communicating,,,
dm_compling,computational linguistic,computational linguistics,,,
computers / general,computer,computers,computer,,
computer programs,computer software,,,,
conceptualize,conceptualizing,conceptualising,,,
cooccurrences,cooccurrence,,,,
co-occurrences,cooccurrence,,,,
corpus (recherche),corpora,,,,
create,creation,creating,,,
crowdsource,crowdsourcing,,,,
crowd source,crowdsourcing,,,,
cves,cv,curriculum vitae (cv),,,
databases,data bases,database,,,
digital edition,digital editions,digital scholarly edition,,,
digital hmanities,digital humanities,,,,
digital library,digital libraries,digital library,,,
education / higher,"education, higher",higher education,,,
higher ed,"education, higher",higher education,,,
endowment of research,endowment,,,,
enrich,enrichment,enriching,,,
experiment,experiments,experiment,,,
film,films,film/movie,,,
liberty,freedom,,,,
google inc.,google inc,,,,
hcr,handwriting recognition,handwriting recognition (htr),,,
history research,historical research,historical studies,,,
historical source,historical sources,historical source,,,
science / history,history,,,,
history / general,history,,,,
image,images,image,,,
picture,images,image,,,
informationretrieval,information retrieval,information retrieval (ir),,,
infrastructure,infrastructures,infrastructure,,,
inspire,inspiration,,,,
interactive,interaction,,,,
interpret,interpretation,,,,
javascript,java script,javascript (js),,,
library,libraries,library,,,
literary criticism / general,literary criticism,,,,
literary transmission n,literary transmission,,,,
littlebits,little bits,,,,
manuscript transmission n,manuscript transmission,,,,
manuscript,manuscripts,manuscript,,,
mathematics / general,math,mathematics,,,
method,methods,method,,,
modelling,modeling,modelling,,,
ner,namedentityrecognition,named entity recognition (ner),,,
name entity recognition,namedentityrecognition,named entity recognition (ner),,,
entity recognition,namedentityrecognition,named entity recognition (ner),,,
"names, personal",names,name,,,
nlp,natural language processing,natural language processing (nlp),,,
networkanalysis,network analysis,,,,
odh,office of digital humanities,,,,
openaccess,open access,,,,
open-source,open source,,,,
ocr,optical character recognition,optical character recognition (ocr),,,
paleography,palaeography,,,,
people,persons,person,,,
science / physics / general,physics,,,,
lists of publications,publication lists,publication list,,,
read,reading,,,,
recurrent neural nets,recurrent neural networks,recurrent neural network (rnn),,,
review,reviews,review,,,
romance philology y,romance philology,,,,
scholarships,scholarship,,,,
sciences,science,,,,
search engines,search engine,,,,
semantic geospatial web,semantic spatial web,,,,
senseable city,sensible city,,,,
sentimentanalysis,sentiment analysis,,,,
share,sharing,,,,
social media.,social media,,,,
social scienes,social sciences,,,,
social science,social sciences,,,,
social science / research,social sciences,,,,
social science / general,social sciences,,,,
analyzestatistically,statistical analysis,,,,
survey,surveys,survey,,,
teaching aids and devices,teaching resources,teaching resource,,,
ted talk,ted talks,ted talk,,,
tedtalk,ted talks,ted talk,,,
tedtalks,ted talks,ted talk,,,
text mining (information retrieval),text mining,,,,
text,texts,text,,,
"criticism, textual",textual criticism,,,,
"criticism, textual y",textual criticism,,,,
textual criticism n,textual criticism,,,,
"criticism, textual. y",textual criticism,,,,
textual transmission n,textual transmission,,,,
tool,tools,tool,,,
tool-suite,tools,tool,,,
humanities topic modeling,topic modeling,topic modelling,,,
topic modelling,topic modeling,topic modelling,,,
topicmodeling,topic modeling,topic modelling,,,
transmission of texts y,transmission of texts,textual transmission,,,
university,universities,university,,,
usages,usage,,,,
virtual teams.,virtual teams,virtual team,,,
vres,virtuelle foschungsumgebung,virtual research environment,,,
visualizing,visualize,visualising,,,
visualization,visualize,visualising,,,
internet,web,,,,
web 2.0,web,,,,
www,world wide web,web,,,
xml schema,xml,extensible markup language (xml),,,
anthropologie,anthropology,,,,
archäologie,archaeology,,,,
"architektur,",architecture,,,,
kunst,art / general,art,,,
kommunikation,communication,communicating,,,
gemeinschaft,community,,,,
computerlinguistik,computational linguistic,computational linguistics,,,
korpus <linguistik>,corpora,,,,
digitale edition,digital editions,digital scholarly edition,,,
diskurs analyse,discourseanalysis,discourse analysis,,,
geschichtswissenschaft,history,,,,
geisteswissenschaften,humanities,,,,
hypertextdokument,hypertext,,,,
linguistik,linguistics,,,,
literaturwissenschaften,literaturwissenschaft,literary studies,,,
mittelalterforschung,mediävistik,medieval studies,,,
medizin,medicine,,,,
metadaten,metadata,,,,
mittelhochdeutsche sprache,mittelhochdeutsch,middle high german,,,
museum,museums,museum,,,
museen,museums,museum,,,
musikwissenschaft,musicology,,,,
ontologie,ontologies,ontology,,,
ontologie (top-level),ontologies,ontology,,,
optische zeichenerkennung,optical character recognition,optical character recognition (ocr),,,
philosophie,philosophy,,,,
wissenschaftliche gemeinschaft,scientific community,,,,
wissenschaftsgemeinschaft,scientific community,,,,
wissenschaftliche fachgemeinschaft,scientific community,,,,
visualisierung,visualize,visualising,,,
