id;value;qualification;property;lang;notes_lang;variants;singular form
1;15. Juli 1927;;hasSubject;de;;;
2;18. Jahrhundert;;hasSubject;de;;achtzehntes Jahrhundert;
3;25er Ausschuss;;hasSubject;de;;fünfundzwanziger Ausschuss, 25er-Ausschuss, fünfundzwanziger-Ausschuss;
7;3D-Daten;;hasCategory;de;;;
8;3D-Dokumentation;;hasAppliedMethod;de;;;
9;3D-Modellierung;;hasAppliedMethod;de;;;
10;Abfertigung;;hasSubject;de;;;
11;Abhandlung;;hasSubject;de;;;
12;Ablehnung;;hasSubject;de;;;
13;Abrechnung;;hasSubject;de;;;
14;Abschrift;lit.;hasSubject;de;;;
15;Abweisung;;hasSubject;de;;;
17;Airborne Laserscanning;;hasAppliedMethod;de;;;
18;Akt;;hasSubject;de;;;
19;Aktennotiz;;hasSubject;de;;;
20;Aktenübersicht;;hasSubject;de;;;
21;Aktenvermerk;;hasSubject;de;;;
23;amtsfreie Stadt;;hasSubject;de;;;
24;Andere;;hasCategory;de;;;
25;Änderung;;hasSubject;de;;;
26;Anfrage;;hasSubject;de;;;
27;Anklage;;hasSubject;de;;;
28;Anklage-Kundmachung;;hasSubject;de;;;
29;Anklageschrift;;hasSubject;de;;;
30;Ansuchen;;hasSubject;de;;;
31;Antrag;;hasSubject;de;;;
32;Anweisung;;hasSubject;de;;;
33;Anzeige;;hasSubject;de;;;
35;Arbeiterrätin;;hasSubject;de;;;
39;Archäometrie;;hasAppliedMethod;de;;;
41;Archivrecherchen;;hasSubject;de;;;Archivrecherche
44;audiovisuelles Medium;;hasCategory;de;;;
45;Aufforderung;;hasSubject;de;;;
46;Aufgabeabschnitt;;hasSubject;de;;;
47;Aufgabeschein;;hasSubject;de;;;
48;Auflösung des Vertrags;;hasSubject;de;;;
49;Aufruf;;hasSubject;de;;;
50;Aufstellung;;hasSubject;de;;;
51;Auftrag;;hasSubject;de;;;
52;Ausbildung;;hasSubject;de;;;
53;Ausbleiben der Rückzahlung;;hasSubject;de;;;
54;Ausgang unklar;;hasSubject;de;;;
55;Ausschuss;;hasSubject;de;;;
56;Außergerichtliche Erledigung;;hasSubject;de;;;
57;Äußerung;;hasSubject;de;;;
63;Auszug;;hasSubject;de;;;
64;Autonomie;;hasSubject;de;;;
65;Bauaufnahme;;hasAppliedMethod, hasSubject;de;;;
66;Beamtenorganisation;;hasSubject;de;;;
67;Beamtenrat;;hasSubject;de;;;
68;Beförderung;;hasSubject;de;;;
69;Beförderungsdienstfrist;;hasSubject;de;;;
70;Bekanntgabe;;hasSubject;de;;;
71;Beleg;jur.;hasSubject;de;;;
72;Beleidigung;;hasSubject;de;;;
73;Benachrichtigung;;hasSubject;de;;;
74;Bericht;;hasSubject;de;;;
75;Berichtigung;Ausgang;hasSubject;de;;;
76;Berichtigung;jur.;hasSubject;de;;;
77;Berichtigung;;hasSubject;de;;;
78;Berliner Tageblatt;;hasSubject;de;;;
79;Berufung;;hasSubject;de;;;
80;Berufungsanmeldung;;hasSubject;de;;;
81;Berufungsausführung;;hasSubject;de;;;
82;Berufungsbescheid;;hasSubject;de;;;
83;Berufungsschrift;;hasSubject;de;;;
84;Bescheid;;hasSubject;de;;;
85;Beschlagnahme aufgehoben;;hasSubject;de;;;
86;Beschluss;;hasSubject;de;;;
87;Beschwerde;;hasSubject;de;;;
88;Bestätigung;;hasSubject;de;;;
89;Bestechung;;hasSubject;de;;;
90;Betriebsrat;;hasSubject;de;;;
91;Bevollmächtiger;;hasSubject;de;;;
92;Beweisabschluss;;hasSubject;de;;;
93;Beweisantrag;;hasSubject;de;;;
94;Bezirksamt;;hasSubject;de;;;
95;Bibliographie;;hasSubject;de;;;
97;Bild;;hasCategory;de;;;
98;Bildungsreform;;hasSubject;de;;;
99;Bitte;;hasSubject;de;;;
102;Brief;;hasSubject;de;;;
103;Briefausgabe;;hasSubject;de;;;
104;Briefumschlag;;hasSubject;de;;;
106;Buchgeschichte;;hasSubject;de;;;
107;Bundesländer;;hasSubject;de;;;Bundesland
108;Bundespolizeidirektion;;hasSubject;de;;;
109;Bundesverfassung;;hasSubject;de;;;
110;Bürgerkrieg;;hasSubject;de;;;
111;Burgfrieden;;hasSubject;de;;Burgfriede;
112;byzantinische Burg;;hasSubject;de;;;
125;christlich-sozial;;hasSubject;de;;;
288;Darlehen zurückbezahlt;;hasSubject;de;;;
296;Datensammlung;;hasCategory;de;;;
297;Datenset;;hasCategory;de;;;
298;Deckblatt;;hasSubject;de;;;
299;Demokratisierung;;hasSubject;de;;;
300;deutschösterreichische Regierung;;hasSubject;de;;deutsch-österreichische Regierung;
301;Die Fackel;;hasSubject;de;;;
302;Die Stunde;;hasSubject;de;;;
303;digitale Edition;;hasSubject;de;;;
305;Diplomatiegeschichte;;hasSubject;de;;;
308;Disziplinaranzeige;;hasSubject;de;;;
309;Disziplinarausschuss;;hasSubject;de;;;
310;Disziplinarrecht;;hasSubject;de;;;
311;Dossier;;hasSubject;de;;;
312;Drohung;;hasSubject;de;;;
313;Druck;;hasSubject;de;;;
314;Druck mit handschriftlichen Annotationen;;hasSubject;de;;Druck mit handschriftlichen Notaten, Druck mit handschriftlichen Notizen;
315;Druck mit handschriftlichen Überarbeitungen;;hasSubject;de;;;
317;Durchschlag;;hasSubject;de;;;
318;Durchschlag mit handschriftlichen Annotationen;;hasSubject;de;;;
319;Durchschlag mit handschriftlichen Überarbeitungen;;hasSubject;de;;;
320;Durchschlag mit handschriftlicher Mitteilung;;hasSubject;de;;;
321;Durchschlag mit sonstigen Schreibspuren;;hasSubject;de;;;
348;Edition;;hasSubject;de;;;
356;Ehrenbeleidigung;;hasSubject;de;;;
357;Ehrenerklärung;;hasSubject;de;;;
358;Ehrenkränkung;;hasSubject;de;;;
359;Eingabe;;hasSubject;de;;;
360;eingestellt;;hasSubject;de;;;
361;Einigung;;hasSubject;de;;;
362;Einspruch;;hasSubject;de;;;
366;Entente;;hasSubject;de;;;
367;Entschuldigung;;hasSubject;de;;;
368;Entwurf;jur.;hasSubject;de;;;
369;Entwurf;;hasSubject;de;;;
370;Ergänzung;;hasSubject;de;;;
371;Erhaltsbestätigung;;hasSubject;de;;;
372;Erklärung;jur.;hasSubject;de;;;
373;Erklärung;Ausgang;hasSubject;de;;;
374;Erlagschein;;hasSubject;de;;;
375;Ernennung;;hasSubject;de;;;
376;Erörterung;;hasSubject;de;;;
377;Erpressung;;hasSubject;de;;;
378;Ersatzanspruch;;hasSubject;de;;;
380;Exekutionsausweis;;hasSubject;de;;;
381;Exekutionsbewilligung;;hasSubject;de;;;
382;Expensen-Note;;hasSubject;de;;;
383;Fachprüfung;;hasSubject;de;;;
384;falsche Zeugenaussage;;hasSubject;de;;;
385;Fernerkundung;;hasAppliedMethod;de;;;
387;Föderalismus;;hasSubject;de;;;
388;Forderung bezahlt;;hasSubject;de;;;
389;Forschungsgeschichte;;hasSubject;de;;;
390;Fortbildung;;hasSubject;de;;;
391;Fotografie;Material;hasSubject;de;;;
392;Fotografie;;hasSubject;de;;Photographie;
393;Fotografie;Objekt;hasSubject;de;;;
394;Fotografien;;hasSubject;de;;Photographien;Fotografie
395;französische Regierung;;hasSubject;de;;;
397;Freispruch;;hasSubject;de;;;
398;Friedensverhandlungen;;hasSubject;de;;;Friedensverhandlung
401;Fundbearbeitung;;hasSubject;de;;;
402;Fundfotos;;hasSubject;de;;;
403;Fundzeichnungen;;hasSubject;de;;;Fundzeichnung
404;Gedächtnisprotokoll;;hasSubject;de;;;
405;Gedicht;;hasSubject;de;;;
406;gefährliche Drohung;;hasSubject;de;;;
407;Geldbuße;;hasSubject;de;;;
408;Geldstrafe;;hasSubject;de;;;
409;Gemeindewahlrecht;;hasSubject;de;;;
410;Genfer Protokolle;;hasSubject;de;;;
412;GeoJSON-Datenset;;hasCategory;de;;;
414;Geomagnetik;;hasAppliedMethod;de;;;
416;Geophysik;;hasAppliedMethod;de;;;
417;Georadar;;hasAppliedMethod;de;;;
418;Gericht;;hasSubject;de;;;
419;Gesandtenkonferenz;;hasSubject;de;;;
420;Geschichte;;hasSubject;de;;;
421;Geschichte des Lesens;;hasSubject;de;;;
422;Gesteinsproben;;hasSubject;de;;;Gesteinsprobe
423;Gewerkschaft;;hasSubject;de;;;
425;Glacis;;hasSubject;de;;;
428;Grabungstagebuch;;hasSubject;de;;;
434;Gremium;;hasSubject;de;;;
435;Griechenland;;hasSubject;de;;;
436;Großdeutsche Volkspartei;;hasSubject;de;;;
438;Grundbuch;;hasSubject;de;;;
439;Gutachten;;hasSubject;de;;;
440;Gutschrift;;hasSubject;de;;;
448;Hofgericht;;hasSubject;de;;;
449;Hofmark;;hasSubject;de;;;
451;Honorar;;hasSubject;de;;;
452;Hügelgräber;;hasSubject;de;;;Hügelgrab
460;Indiskretion;;hasSubject;de;;;
461;Information;;hasSubject;de;;;
467;internationales Postrecht;;hasSubject;de;;;
468;Intertextualität;;hasSubject;de;;;
472;Jude;;hasSubject;de;;;
473;juristisches Dokument;;hasSubject;de;;;
487;Karten;;hasAppliedMethod, hasSubject;de;;;Karte
488;Kassabestätigung;;hasSubject;de;;;
489;Kassazettel;;hasSubject;de;;;
490;Keramik;;hasSubject;de;;;
492;Klage;;hasSubject;de;;;
493;Klage wegen Forderung;;hasSubject;de;;;
494;Klagebeantwortung;;hasSubject;de;;;
495;Klagsrückziehung;;hasSubject;de;;;
496;Koalitionsfreiheit;;hasSubject;de;;;
497;Koalitionsrecht;;hasSubject;de;;;
498;Kommissionsbezirk der Provinzstadt;;hasSubject;de;;;
499;Kongress von Aachen;;hasSubject;de;;;
500;Kongress von Laibach;;hasSubject;de;;;
501;Kongress von Troppau;;hasSubject;de;;;
502;Kongress von Verona;;hasSubject;de;;;
503;Kongressakten;;hasSubject;de;;;Kongressakt
504;Konterrevolution;;hasSubject;de;;;
505;kontrolliertes Vokabular;;hasCategory;de;;;
506;Konzept;jur.;hasSubject;de;;;
507;Kopie;;hasSubject;de;;;
508;Korpus;;hasCategory;de;;;
509;Korrespondenz;;hasSubject;de;;;
510;Kostenaufstellung;;hasSubject;de;;;
511;Kostenbestimmungsbeschluss;;hasSubject;de;;;
512;Kostenfestsetzung;;hasSubject;de;;;
513;Kostennote;;hasSubject;de;;;
514;Kreis;;hasSubject;de;;;
515;Kronos-Verlag;;hasSubject;de;;Kronos Verlag;
516;Kündigung;;hasSubject;de;;;
517;Ladung;;hasSubject;de;;;
518;Lagervorstadt;;hasSubject;de;;;
519;Landeskommissariat;;hasSubject;de;;Landkommissariat;
520;Landgericht;;hasSubject;de;;;
527;Laufbahn;;hasSubject;de;;;
528;Laufbahn;Folgen;hasSubject;de;;;
529;Lebensumstände;;hasSubject;de;;;Lebensumstand
530;Legionslager;;hasSubject;de;;;
536;Lesbos;;hasSubject;de;;;
537;Lesezeichen;;hasSubject;de;;;
538;Leumundsnote;;hasSubject;de;;;
541;lexikalische Ressource;;hasCategory;de;;;
544;Liste;jur.;hasSubject;de;;;
545;Liste;;hasSubject;de;;;
546;Liste;korr.;hasSubject;de;;;
547;literarische Berichtigung;;hasSubject;de;;;
548;literarischer Text;;hasSubject;de;;;
549;literarisches Werk;;hasSubject;de;;;
550;Literaturwissenschaft;;hasSubject;de;;;
552;Lohnforderung;;hasSubject;de;;;
553;Lohnverhandlung;;hasSubject;de;;;
554;Lokalpolitik;;hasSubject;de;;;
556;Luftbild;;hasAppliedMethod;de;;;
557;Luftkrieg;;hasSubject;de;;;
559;Mächtekongress;;hasSubject;de;;;
560;Mächtekonzert;;hasSubject;de;;;
561;Magnetik;;hasSubject;de;;;
563;Manuskript;;hasSubject;de;;;
564;Manuskript mit handschriftlichen Annotationen;;hasSubject;de;;;
565;Manuskript mit handschriftlicher Mitteilung;;hasSubject;de;;;
566;Mappe;;hasSubject;de;;;
571;Markenrechtsverletzung;;hasSubject;de;;;
572;Marktgericht;;hasSubject;de;;;
574;Medienhistorisches;;hasSubject;de;;;
575;Medienwissenschaft;;hasSubject;de;;;
580;Memorandum;;hasSubject;de;;;
582;Militarismus;;hasSubject;de;;;
587;Mitbestimmung;;hasSubject;de;;;
588;Mitschrift;;hasSubject;de;;;
589;Mitschriften;;hasSubject;de;;;Mitschrift
590;Mitteilung;;hasSubject;de;;;
592;Modell;;hasCategory;de;;;
593;moderner Geist;;hasSubject;de;;;
594;Monarchenkongresse;;hasSubject;de;;;
596;Mörtelproben;;hasSubject;de;;;Mörtelprobe
598;Munizipium;;hasSubject;de;;;
599;Nachkriegskrise;;hasSubject;de;;;
600;Nachrede;;hasSubject;de;;;
601;Nachricht;;hasSubject;de;;;
602;Namensrechtsverletzung;;hasSubject;de;;;
603;Nationalität;;hasSubject;de;;;
604;Nationalsozialismus;;hasSubject;de;;;
605;Nekropole;;hasSubject;de;;;
610;nicht verfolgt;;hasSubject;de;;;
612;Notiz;;hasSubject;de;;;
613;Oberflächensurvey;;hasAppliedMethod;de;;;
617;Ontologie;;hasSubject;de;;;
620;Opferbereitschaft;;hasSubject;de;;;
622;Originalmappe;;hasSubject;de;;;
623;Originalumschlag;;hasSubject;de;;;
625;Österreich 1849-1860;;hasSubject;de;;;
627;Pamphlet;;hasSubject;de;;;
632;Pauperisierung;;hasSubject;de;;;
633;Pensionierung;;hasSubject;de;;;
635;Personalkommission;;hasSubject;de;;;
636;Personalpolitik;;hasSubject;de;;;
637;Personalrat;;hasSubject;de;;;
638;Personalvertretung;;hasSubject;de;;;
639;Persönlichkeitsrechtsverletzung;;hasSubject;de;;;
641;Pfleggericht;;hasSubject;de;;;
642;Phonogrammarchiv;;hasSubject;de;;;
643;Photogrammetrie;;hasAppliedMethod;de;;;
646;Plagiat;;hasSubject;de;;;
647;Plakat;;hasSubject;de;;;
648;politische Maßregelung;;hasSubject;de;;;
649;politische Organisierung;;hasSubject;de;;;
650;politische Parteien;;hasSubject;de;;;politische Partei
651;politische Verhältnisse;;hasSubject;de;;;
652;politisches Mandat;;hasSubject;de;;;
654;Postanweisung;;hasSubject;de;;;
656;Postkarte;;hasSubject;de;;;
663;Pressedelikt;;hasSubject;de;;;
664;Presserecht;;hasSubject;de;;;
665;Presserechtsverstoß;;hasSubject;de;;;
668;Privatanklage;;hasSubject;de;;;
669;Privatanklagedelikt;;hasSubject;de;;;
670;privater Buchbesitz;;hasSubject;de;;;
671;Privatrecht;;hasSubject;de;;;
672;privatrechtliche Vereinbarung;;hasSubject;de;;;
691;Profilzeichnungen;;hasSubject;de;;;Profilzeichnung
692;Programmheft;;hasSubject;de;;;
694;Protest;;hasSubject;de;;;
695;Protokoll;;hasSubject;de;;;
698;publizistisches Dokument;;hasSubject;de;;;
699;Qualifikationsbeschwerde;;hasSubject;de;;;
709;Radiogramm;;hasSubject;de;;;
710;Rechnung;;hasSubject;de;;;
711;Rechtsgeschichte;;hasSubject;de;;;
712;Rechtsmittelanmeldung;;hasSubject;de;;;
713;Rechtsnachfolge;;hasSubject;de;;;
714;Rede;;hasCategory;de;;;
715;Rekurs;;hasSubject;de;;;
717;Repression;;hasSubject;de;;;
720;Revisionsbeantwortung;;hasSubject;de;;;
721;Revisionsschrift;;hasSubject;de;;;
725;Rückschein;;hasSubject;de;;;
726;Rückzahlung;;hasSubject;de;;;
727;Rufschädigung;;hasSubject;de;;;
728;Ruhestand;;hasSubject;de;;;
743;Satellitenbild;;hasAppliedMethod;de;;;
745;Schadensersatz;;hasSubject;de;;;
746;Scheitern der Exekution;;hasSubject;de;;;
748;Schloss;;hasSubject;de;;;
749;Schriftsatz;;hasSubject;de;;;
750;Schuldrecht;;hasSubject;de;;;
751;Schweiz;;hasSubject;de;;;
756;Selbstbestimmungsrecht;;hasSubject;de;;;
757;Selbstverwaltung;;hasSubject;de;;;
764;Siedlungstopographie;;hasSubject;de;;Siedlungstopografie;
770;sonstiger Materialitätstyp;;hasSubject;de;;;
771;sonstiger Rechtsbereich;;hasSubject;de;;;
772;Sozialdemokratie;;hasSubject;de;;;
773;soziale Fürsorge;;hasSubject;de;;;
774;Sozialgeschichte;;hasSubject;de;;;
779;Staatsangestelltenkammer;;hasSubject;de;;;
780;Staatsangestelltenrat;;hasSubject;de;;;
781;Staatsbediensteten-Kommission;;hasSubject;de;;;
782;Staatsbedienstetenorganisationen;;hasSubject;de;;;Staatsbedienstetenorganisation
783;Staatsvertrag (St. Germain);;hasSubject;de;;Vertrag von Saint-Germain, Staatsvertrag von Saint-Germain-en-Laye;
784;Stadtgericht;;hasSubject;de;;;
787;Strafantrag;;hasSubject;de;;;
788;Strafanzeige;;hasSubject;de;;;
789;Straferkenntnis;;hasSubject;de;;;
790;Strafrecht;;hasSubject;de;;;
791;Strafregisterauszug;;hasSubject;de;;;
792;Strafverfahrensakt;;hasSubject;de;;;
793;Streik;;hasSubject;de;;;
794;streitige Zivilrechtssache;;hasSubject;de;;;
797;Sühne;;hasSubject;de;;;
799;Survey;;hasAppliedMethod;de;;;
800;Surveyartefakte;;hasSubject;de;;;Surveyartefakt
801;Systemisierung;;hasSubject;de;;;
828;tabellarisches Datenset;;hasCategory;de;;;
831;Tagebuch;;hasSubject;de;;;
832;Tagebücher;;hasSubject;de;;;
836;Telegramm;;hasSubject;de;;;
837;terrestrischer Laserscan;;hasAppliedMethod;de;;;
838;Testament;;hasSubject;de;;;
840;Text;;hasCategory;de;;;
842;Theater;;hasSubject;de;;;
845;Tirol;;hasSubject;de;;;
848;Tonaufnahmen;;hasSubject;de;;;Tonaufnahme
853;tschechoslowakische Regierung;;hasSubject;de;;;
854;tschechoslowakischer Staatsdienst;;hasSubject;de;;;
855;tschechoslowakisches Militär;;hasSubject;de;;;
856;Typoskript;;hasSubject;de;;;
857;Typoskript mit handschriftlichen Änderungen;;hasSubject;de;;;
858;Typoskript mit handschriftlichen Annotationen;;hasSubject;de;;;
859;Typoskript mit handschriftlichen Überarbeitungen;;hasSubject;de;;;
860;Typoskript mit handschriftlicher Mitteilung;;hasSubject;de;;;
861;Typoskript mit sonstigen Schreibspuren;;hasSubject;de;;;
862;Übersetzung;;hasSubject;de;;;
863;Überweisung;;hasSubject;de;;;
864;Überweisungsbeschluss;;hasSubject;de;;;
865;Umschlag;;hasSubject;de;;;
866;Umsiedlung;;hasSubject;de;;;
867;unautorisierte Aufführung;;hasSubject;de;;;
868;unbefugte Kolportage;;hasSubject;de;;;
869;Ungleichbehandlung;;hasSubject;de;;;
871;unstreitige Zivilrechtssache;;hasSubject;de;;;
872;Urheberrechtsverletzung;;hasSubject;de;;;
873;Urheberrechtsverletzung (Bel.);Bel.;hasSubject;de;;;
874;Urteil;;hasSubject;de;;;
875;Vereinsfreiheit;;hasSubject;de;;;
876;Verfügung;;hasSubject;de;;;
877;Verfügungsbogen;;hasSubject;de;;;
878;Vergeltung;;hasSubject;de;;;
879;Vergleich;Ausgang;hasSubject;de;;;
880;Verhaftung;;hasSubject;de;;;
881;Verlagswesen;;hasSubject;de;;;
882;Verlassenschaftsabhandlung;;hasSubject;de;;;
883;Verlautbarung;;hasSubject;de;;;
884;Verletzung des Rechts am eigenen Bild;;hasSubject;de;;;
885;Verleumdung;;hasSubject;de;;;
886;Vermessung;;hasAppliedMethod, hasSubject;de;;;
887;Vernehmung;;hasSubject;de;;;
888;Verrechnung;;hasSubject;de;;;
889;Versammlung;;hasSubject;de;;;
890;Versammlungsfreiheit;;hasSubject;de;;;
891;Versetzung;;hasSubject;de;;;
892;Versetzung außerhalb Wiens;;hasSubject;de;;;
893;Versicherung;;hasSubject;de;;;
894;Verständigung;;hasSubject;de;;;
895;Versteigerung;;hasSubject;de;;;
896;Vertrag;;hasSubject;de;;;
897;Vertragsbruch;;hasSubject;de;;;
898;Vertragsverletzung;;hasSubject;de;;;
899;Vertrauensmänner;;hasSubject;de;;;Vertrauensmann
900;Verurteilung;;hasSubject;de;;;
901;Verwaltung;;hasSubject;de;;;
902;Verwaltungsrecht;;hasSubject;de;;;
903;Verwaltungsrechtssache;;hasSubject;de;;;
904;Verzeichnis;;hasSubject;de;;;
906;Vikariat;;hasSubject;de;;;
907;virtuelle Rekonstruktion;;hasAppliedMethod;de;;;
909;Vollmacht;;hasSubject;de;;;
910;Vorrückung;;hasSubject;de;;;
911;Wasserversorgung;;hasSubject;de;;;
912;Wiener Kongress;;hasSubject;de;;;
924;Zahlungsauftrag;;hasSubject;de;;;
925;Zahlungseingangsbestätigung;;hasSubject;de;;;
926;Zahlungsverpflichtung;;hasSubject;de;;;
927;Zeitung;;hasSubject;de;;;
928;Zeitungsartikel;;hasSubject;de;;;
929;Zensur;;hasSubject;de;;;
930;Zeugenaussage;;hasSubject;de;;;
931;Zivilrecht;;hasSubject;de;;;
932;Zurücknahme;;hasSubject;de;;;
933;Zurückweisung;jur.;hasSubject;de;;;
934;Zurückweisung;;hasSubject;de;;;
935;Zurückziehung der Klage;;hasSubject;de;;;
936;Zustellung;;hasSubject;de;;;
937;Zweiter Weltkrieg;;hasSubject;de;;;
938;Zwischenkriegszeit;;hasSubject;de;;;
939;zwischenstaatliche Vereinbarung;;hasSubject;de;;;
940;zwischenstaatliche Verhandlung;;hasSubject;de;;;
4;3D data;;hasCategory;en;;;
5;3D models;;hasSubject;en;;;3D model
6;3D scanning;;hasAppliedMethod;en;;;
16;aerial warfare;;hasSubject;en;;;
34;Arabic linguistics;;hasSubject;en;;;
36;archaeological database;;hasSubject;en;;;
37;archaeological excavation;;hasAppliedMethod;en;;;
38;archaeological sites;;hasSubject;en;;;archaeological site
40;archduchy;;hasSubject;en;;;
42;artefact;;hasSubject;en;;;
43;audio visual;;hasCategory;en;;;
58;Austrian magazines;;hasSubject;en;;;Austrian magazine
59;Austrian media landscape;;hasSubject;en;;;
60;Austrian newspapers;;hasSubject;en;;;Austrian newspaper
61;Austrian Press Agency;;hasSubject;en;;;
62;Austrian press releases;;hasSubject;en;;;Austrian press release
96;bibliography;;hasSubject;en;;;
100;borehole sampling;;hasAppliedMethod;en;;;
101;botany;;hasSubject;en;;;
105;Bronze Age sites;;hasSubject;en;;;Bronze Age site
121;capacity;;hasSubject;en;;;
122;cave;;hasSubject;en;;;
123;cemetery;;hasSubject;en;;;
124;Chalcolithic sites;;hasSubject;en;;;Chalcolithic site
127;city district;;hasSubject;en;;;
128;co-principality;;hasSubject;en;;coprincipality;
129;collection;;hasCategory;en;;;
130;commissariat;;hasSubject;en;;;
131;commissary district;;hasSubject;en;;;
132;Concert of Europe;;hasSubject;en;;;
133;condominium;;hasSubject;en;;;
134;confederation;;hasSubject;en;;;
135;congress files;;hasSubject;en;;;congress file
136;Congress of Aix-la-Chapelle;;hasSubject;en;;;
137;Congress of Laibach;;hasSubject;en;;;
138;Congress of Troppau;;hasSubject;en;;;
139;Congress of Verona;;hasSubject;en;;;
140;Congress of Vienna;;hasSubject;en;;;
141;congress system;;hasSubject;en;;;
142;constituent entity;;hasSubject;en;;;
143;controlled vocabulary;;hasCategory, hasSubject;en;;;
144;conversation;;hasSubject;en;;;
145;corpus;;hasCategory;en;;;
146;country;;hasSubject;en;;;
147;county;;hasSubject;en;;;
148;county;administrative unit;hasSubject;en;;;
149;Crown colony;;hasSubject;en;;;
150;Crown land;;hasSubject;en;;crown land, crownland;
151;CT scans;;hasAppliedMethod;en;;;CT scan
289;data;;hasSubject;en;;;
290;data curation;;hasAppliedMethod;en;;;
291;data integration;;hasSubject;en;;;
292;data management;;hasAppliedMethod;en;;;
293;data model;;hasSubject;en;;;
294;data sharing;;hasSubject;en;;;
295;dataset;;hasCategory;en;;;
304;digitisation;;hasSubject;en;;digitization;
306;district;;hasSubject;en;;;
307;district captaincy;;hasSubject;en;;;
316;duchy;;hasSubject;en;;;
349;educational;;hasSubject;en;;;
350;educational conversation;;hasSubject;en;;;
351;educational interview;;hasSubject;en;;;
352;educational seminar discussion;;hasSubject;en;;;
353;educational service encounter;;hasSubject;en;;;
354;educational working group discussion;;hasSubject;en;;;
355;educational workshop discussion;;hasSubject;en;;;
363;electorate;;hasSubject;en;;;
364;empire;;hasSubject;en;;;
365;English as a lingua franca;;hasSubject;en;;;
379;European Concert of Powers;;hasSubject;en;;European concert of powers;
386;fieldwork archive;;hasSubject;en;;;
396;free city;;hasSubject;en;;;
400;function;;hasSubject;en;;;
411;GeoJSON dataset;;hasCategory;en;;;
413;geological survey;;hasAppliedMethod;en;;;
415;geomorphological survey;;hasAppliedMethod;en;;;
426;governmental district;;hasSubject;en;;;
427;GPR;;hasSubject;en;abbreviation;ground-penetrating radar, ground penetrating radar;
430;grand duchy;;hasSubject;en;;;
431;grand principality;;hasSubject;en;;;
432;grave;;hasSubject;en;;;
433;Great Powers;;hasSubject;en;;great powers;Great Power
437;group designations;;hasSubject;en;;;group designation
442;high commissariat;;hasSubject;en;;;
443;High-Bailiwick;;hasSubject;en;;;
444;historic administrative units;;hasSubject;en;;;historic administrative unit
445;historical network research;;hasSubject;en;;;
446;historical travel guides;;hasSubject;en;;;historical travel guide
447;history of diplomacy;;hasSubject;en;;;
450;Holy Roman Empire;;hasSubject;en;;;
454;image;;hasCategory;en;;;
455;image creation;;hasAppliedMethod;en;;;
456;imperial circle;;hasSubject;en;;Imperial Circle;
457;imperial free city;;hasSubject;en;;Imperial Free City;
459;index file creation;;hasAppliedMethod;en;;;
462;inked drawings;;hasAppliedMethod;en;;;inked drawing
463;inscription;;hasSubject;en;;;
464;inscriptions;;hasSubject;en;;;inscription
465;interaction;;hasSubject;en;;;
466;interculturality;;hasSubject;en;;;
469;interview;;hasSubject;en;;;
471;journalistic prose;;hasSubject;en;;;
491;kingdom;;hasSubject;en;;;
521;landgraviate;;hasSubject;en;;;
522;language choice;;hasSubject;en;;;
523;language contact;;hasSubject;en;;;
524;language mapping;;hasSubject;en;;;
525;language variation;;hasSubject;en;;;
526;laser scanning;;hasAppliedMethod;en;;;
531;leisure;;hasSubject;en;;;
532;leisure conversation;;hasSubject;en;;;
533;leisure interview;;hasSubject;en;;;
534;lemmatisation;;hasSubject;en;;lemmatization;
535;lemmatization;;hasAppliedMethod;en;;;
539;lexical resource;;hasCategory;en;;;
540;lexical resources;;hasSubject;en;;;lexical resource
542;linguistic landscape;;hasSubject;en;;;
543;linked open data;;hasSubject;en;;;
551;lithics;;hasSubject;en;;;
562;manual;;hasSubject;en;;;
567;margraviate;;hasSubject;en;;margravate;
569;mark-up;;hasSubject;en;;markup;
570;mark-up conventions;;hasSubject;en;;markup conventions;mark-up convention
573;material culture;;hasSubject;en;;;
576;medieval Austria;;hasSubject;en;;mediaeval Austria;
577;medieval Germany;;hasSubject;en;;mediaeval Germany;
578;medieval prosopography;;hasSubject;en;;mediaeval prosopography;
579;meeting;;hasSubject;en;;;
581;Middle Ages;;hasSubject;en;;;
583;military district;;hasSubject;en;;;
584;military frontier;;hasSubject;en;;;
585;military government;;hasSubject;en;;;
586;mining captaincy;;hasSubject;en;;;
591;model;;hasCategory;en;;;
595;monument;;hasSubject;en;;;
597;multilingualism;;hasSubject;en;;;
606;Neolithic Anatolia;;hasSubject;en;;;
607;Neolithic Greece;;hasSubject;en;;;
608;Neolithic pottery;;hasSubject;en;;;
609;Neolithic sites;;hasSubject;en;;;Neolithic site
611;none;;hasSubject;en;;;
614;occupied territory;;hasSubject;en;;;
615;OCR;;hasAppliedMethod;en;abbreviation;optical character recognition;
616;online site database;;hasSubject;en;;;
618;ontology;;hasSubject;en;;;
619;open data;;hasSubject;en;;;
621;Order of the Golden Fleece;;hasSubject;en;;;
626;other;;hasCategory;en;;;
628;panel;;hasSubject;en;;;
629;Papal State;;hasSubject;en;;Papal States, State of the Church;
630;part-of-speech tagging;;hasAppliedMethod, hasSubject;en;;;
640;petrographic analysis;;hasAppliedMethod;en;;;
644;photography;;hasAppliedMethod;en;;;
645;photography in public;;hasAppliedMethod;en;;;
653;polyglot dictionary;;hasSubject;en;;;
655;postcolonial;;hasSubject;en;;post-colonial;
657;pottery;;hasSubject;en;;;
658;pottery;;hasSubject;en;;;
659;pottery documentation;;hasAppliedMethod;en;;;
660;pottery fragments;;hasSubject;en;;;pottery fragment
661;pottery studies;;hasSubject;en;;;
662;press conference;;hasSubject;en;;;
666;princely county;;hasSubject;en;;Princely County;
667;principality;;hasSubject;en;;;
673;professional business;;hasSubject;en;;;
674;professional business conversation;;hasSubject;en;;;
675;professional business meeting;;hasSubject;en;;;
676;professional business panel;;hasSubject;en;;;
677;professional business question-answer session;;hasSubject;en;;;
678;professional business service encounter;;hasSubject;en;;;
679;professional organizational;;hasSubject;en;;;
680;professional organizational conversation;;hasSubject;en;;;
681;professional organizational meeting;;hasSubject;en;;;
682;professional organizational press conference;;hasSubject;en;;;
683;professional organizational working group discussion;;hasSubject;en;;;
684;professional organizational workshop discussion;;hasSubject;en;;;
685;professional research and science;;hasSubject;en;;;
686;professional research conversation;;hasSubject;en;;professional science conversation;
687;professional research interview;;hasSubject;en;;professional science interview;
688;professional research panel;;hasSubject;en;;professional science panel;
689;professional research question-answer session;;hasSubject;en;;professional science question-answer session;
690;professional research working group discussion;;hasSubject;en;;professional science working group discussion;
693;protectorate;;hasSubject;en;;;
696;province;;hasSubject;en;;;
697;provincial government;;hasSubject;en;;;
700;quarry;;hasSubject;en;;;
701;quarter;;hasSubject;en;;;
702;question-answer session;;hasSubject;en;;;
716;remote sensing;;hasAppliedMethod;en;;;
718;republic;;hasSubject;en;;;
719;research event;;hasSubject;en;;;
724;rock shelter;;hasSubject;en;;;
744;scanning;;hasAppliedMethod;en;;;
747;schema;;hasSubject;en;;;
752;search manual;;hasSubject;en;;;
753;seat;;hasSubject;en;;;
754;Second world war;;hasSubject;en;;Second World War, World War II;
755;sediment analysis;;hasAppliedMethod;en;;;
758;semantic technologies;;hasSubject;en;;;
759;seminar discussion;;hasSubject;en;;;
760;service encounter;;hasSubject;en;;;
761;settlement;;hasSubject;en;;;
762;SfM;;hasAppliedMethod;en;abbreviation;structure from motion;
763;shape;;hasSubject;en;;;
765;sights;;hasSubject;en;;;
766;site;;hasSubject;en;;;
767;SKOS;;hasAppliedMethod;en;abbreviation;Simple Knowledge Organization System;
768;SKOS data modelling;;hasAppliedMethod;en;;;
769;small finds;;hasSubject;en;;;
775;speech;;hasCategory;en;;;
776;spelling;;hasSubject;en;;;
777;spelling conventions;;hasSubject;en;;;spelling convention
778;squeezes;;hasSubject;en;;;
785;statutory city;;hasSubject;en;;;
795;structure from motion;;hasAppliedMethod;en;;;
796;suburb;;hasSubject;en;;;
798;surface survey;;hasAppliedMethod;en;;;
829;tabular dataset;;hasCategory;en;;;
830;tag set;;hasSubject;en;;;
833;TEI;;hasSubject;en;abbreviation;Text Encoding Initiative;
834;TEI schema;;hasSubject;en;;;
835;TEI schema customization;;hasAppliedMethod;en;;;
839;text;;hasCategory;en;;;
841;textual annotation;;hasAppliedMethod;en;;;
844;thesaurus;;hasSubject;en;;;
847;tokenization;;hasAppliedMethod;en;;;
849;topographical survey;;hasAppliedMethod;en;;;
850;transcription;;hasSubject;en;;;
851;transcription conventions;;hasSubject;en;;;
870;unknown administrative unit;;hasSubject;en;;;
905;Viennese dialectological school;;hasSubject;en;;;
908;voivodeship;;hasSubject;en;;;
913;word tokenisation;;hasSubject;en;;word tokenization;
914;working group discussion;;hasSubject;en;;;
915;workshop discussion;;hasSubject;en;;;
916;written language in public space;;hasSubject;en;;;
917;X-ray;;hasAppliedMethod;en;;;
918;XML;;hasSubject;en;abbreviation;Extensible Markup Language;
919;XML/TEI;;hasCategory;en;abbreviation;;
920;XML/TEI (P5);;hasAppliedMethod;en;abbreviation;;
921;XML/TEI (P5) encoding;;hasAppliedMethod;en;;;
922;XML/TEI structural and semantic annotation;;hasAppliedMethod;en;;;
120;canabae;;hasSubject;la;;;canaba
22;Alfred Kerr;;hasSubject;und;proper name;;
113;C.K.KOR;;hasSubject;und;DAACDA;;
114;C.P.VER;;hasSubject;und;DAACDA;;
115;C.S.PRE;;hasSubject;und;DAACDA;;
116;C.S.PRI;;hasSubject;und;DAACDA;;
117;C.V.VER;;hasSubject;und;DAACDA;;
118;C.Z.STR;;hasSubject;und;DAACDA;;
119;C.Z.UNS;;hasSubject;und;DAACDA;;
126;CIDOC CRM;;hasSubject;und;abbreviation;CIDOC Conceptual Reference Model;
152;D.J;;hasSubject;und;DAACDA;;
153;D.J.ABH;;hasSubject;und;DAACDA;;
154;D.J.ABL;;hasSubject;und;DAACDA;;
155;D.J.ABR;;hasSubject;und;DAACDA;;
156;D.J.AFD;;hasSubject;und;DAACDA;;
157;D.J.AFS;;hasSubject;und;DAACDA;;
158;D.J.AKN;;hasSubject;und;DAACDA;;
159;D.J.AKS;;hasSubject;und;DAACDA;;
160;D.J.AKT;;hasSubject;und;DAACDA;;
161;D.J.AKU;;hasSubject;und;DAACDA;;
162;D.J.AKV;;hasSubject;und;DAACDA;;
163;D.J.ANF;;hasSubject;und;DAACDA;;
164;D.J.ANK;;hasSubject;und;DAACDA;;
165;D.J.ANS;;hasSubject;und;DAACDA;;
166;D.J.ANT;;hasSubject;und;DAACDA;;
167;D.J.ANW;;hasSubject;und;DAACDA;;
168;D.J.ANZ;;hasSubject;und;DAACDA;;
169;D.J.ARF;;hasSubject;und;DAACDA;;
170;D.J.AUB;;hasSubject;und;DAACDA;;
171;D.J.AUF;;hasSubject;und;DAACDA;;
172;D.J.AUG;;hasSubject;und;DAACDA;;
173;D.J.AZG;;hasSubject;und;DAACDA;;
174;D.J.BAF;;hasSubject;und;DAACDA;;
175;D.J.BAN;;hasSubject;und;DAACDA;;
176;D.J.BEB;;hasSubject;und;DAACDA;;
177;D.J.BEK;;hasSubject;und;DAACDA;;
178;D.J.BEL;;hasSubject;und;DAACDA;;
179;D.J.BEN;;hasSubject;und;DAACDA;;
180;D.J.BER;;hasSubject;und;DAACDA;;
181;D.J.BIT;;hasSubject;und;DAACDA;;
182;D.J.BRF;;hasSubject;und;DAACDA;;
183;D.J.BRG;;hasSubject;und;DAACDA;;
184;D.J.BRS;;hasSubject;und;DAACDA;;
185;D.J.BSD;;hasSubject;und;DAACDA;;
186;D.J.BSS;;hasSubject;und;DAACDA;;
187;D.J.BST;;hasSubject;und;DAACDA;;
188;D.J.BSW;;hasSubject;und;DAACDA;;
189;D.J.BWA;;hasSubject;und;DAACDA;;
190;D.J.BWN;;hasSubject;und;DAACDA;;
191;D.J.DAN;;hasSubject;und;DAACDA;;
192;D.J.DKB;;hasSubject;und;DAACDA;;
193;D.J.DOS;;hasSubject;und;DAACDA;;
194;D.J.EEK;;hasSubject;und;DAACDA;;
195;D.J.EGE;;hasSubject;und;DAACDA;;
196;D.J.EIN;;hasSubject;und;DAACDA;;
197;D.J.ENT;;hasSubject;und;DAACDA;;
198;D.J.ENW;;hasSubject;und;DAACDA;;
199;D.J.ERA;;hasSubject;und;DAACDA;;
200;D.J.ERG;;hasSubject;und;DAACDA;;
201;D.J.ERK;;hasSubject;und;DAACDA;;
202;D.J.ERL;;hasSubject;und;DAACDA;;
203;D.J.ERO;;hasSubject;und;DAACDA;;
204;D.J.EXA;;hasSubject;und;DAACDA;;
205;D.J.EXB;;hasSubject;und;DAACDA;;
206;D.J.EXN;;hasSubject;und;DAACDA;;
207;D.J.GPK;;hasSubject;und;DAACDA;;
208;D.J.GTS;;hasSubject;und;DAACDA;;
209;D.J.GUT;;hasSubject;und;DAACDA;;
210;D.J.INF;;hasSubject;und;DAACDA;;
211;D.J.KBS;;hasSubject;und;DAACDA;;
212;D.J.KFS;;hasSubject;und;DAACDA;;
213;D.J.KLB;;hasSubject;und;DAACDA;;
214;D.J.KLG;;hasSubject;und;DAACDA;;
215;D.J.KOB;;hasSubject;und;DAACDA;;
216;D.J.KON;;hasSubject;und;DAACDA;;
217;D.J.KSB;;hasSubject;und;DAACDA;;
218;D.J.KSN;;hasSubject;und;DAACDA;;
219;D.J.KSZ;;hasSubject;und;DAACDA;;
220;D.J.LAD;;hasSubject;und;DAACDA;;
221;D.J.LEU;;hasSubject;und;DAACDA;;
222;D.J.LIS;;hasSubject;und;DAACDA;;
223;D.J.MAP;;hasSubject;und;DAACDA;;
224;D.J.MEM;;hasSubject;und;DAACDA;;
225;D.J.MIT;;hasSubject;und;DAACDA;;
226;D.J.MST;;hasSubject;und;DAACDA;;
227;D.J.NOT;;hasSubject;und;DAACDA;;
228;D.J.PKG;;hasSubject;und;DAACDA;;
229;D.J.PKL;;hasSubject;und;DAACDA;;
230;D.J.REK;;hasSubject;und;DAACDA;;
231;D.J.RMA;;hasSubject;und;DAACDA;;
232;D.J.RNG;;hasSubject;und;DAACDA;;
233;D.J.RUK;;hasSubject;und;DAACDA;;
234;D.J.RVA;;hasSubject;und;DAACDA;;
235;D.J.RVS;;hasSubject;und;DAACDA;;
236;D.J.SAT;;hasSubject;und;DAACDA;;
237;D.J.SFE;;hasSubject;und;DAACDA;;
238;D.J.SRA;;hasSubject;und;DAACDA;;
239;D.J.STG;;hasSubject;und;DAACDA;;
240;D.J.STZ;;hasSubject;und;DAACDA;;
241;D.J.SVA;;hasSubject;und;DAACDA;;
242;D.J.TST;;hasSubject;und;DAACDA;;
243;D.J.UBR;;hasSubject;und;DAACDA;;
244;D.J.UBS;;hasSubject;und;DAACDA;;
245;D.J.UBW;;hasSubject;und;DAACDA;;
246;D.J.UMS;;hasSubject;und;DAACDA;;
247;D.J.URT;;hasSubject;und;DAACDA;;
248;D.J.VER;;hasSubject;und;DAACDA;;
249;D.J.VFB;;hasSubject;und;DAACDA;;
250;D.J.VLB;;hasSubject;und;DAACDA;;
251;D.J.VOL;;hasSubject;und;DAACDA;;
252;D.J.VRF;;hasSubject;und;DAACDA;;
253;D.J.VRG;;hasSubject;und;DAACDA;;
254;D.J.VRN;;hasSubject;und;DAACDA;;
255;D.J.VRS;;hasSubject;und;DAACDA;;
256;D.J.VRZ;;hasSubject;und;DAACDA;;
257;D.J.VSR;;hasSubject;und;DAACDA;;
258;D.J.ZAS;;hasSubject;und;DAACDA;;
259;D.J.ZAT;;hasSubject;und;DAACDA;;
260;D.J.ZEB;;hasSubject;und;DAACDA;;
261;D.J.ZRW;;hasSubject;und;DAACDA;;
262;D.J.ZST;;hasSubject;und;DAACDA;;
263;D.J.ZUN;;hasSubject;und;DAACDA;;
264;D.J.ZVP;;hasSubject;und;DAACDA;;
265;D.K.AAS;;hasSubject;und;DAACDA;;
266;D.K.AGS;;hasSubject;und;DAACDA;;
267;D.K.BRF;;hasSubject;und;DAACDA;;
268;D.K.EBS;;hasSubject;und;DAACDA;;
269;D.K.LIS;;hasSubject;und;DAACDA;;
270;D.K.NCH;;hasSubject;und;DAACDA;;
271;D.K.PAW;;hasSubject;und;DAACDA;;
272;D.K.PKT;;hasSubject;und;DAACDA;;
273;D.K.RAD;;hasSubject;und;DAACDA;;
274;D.K.RKS;;hasSubject;und;DAACDA;;
275;D.K.TGR;;hasSubject;und;DAACDA;;
276;D.K.UMS;;hasSubject;und;DAACDA;;
277;D.L;;hasSubject;und;DAACDA;;
278;D.L.ABS;;hasSubject;und;DAACDA;;
279;D.L.GED;;hasSubject;und;DAACDA;;
280;D.L.PMP;;hasSubject;und;DAACDA;;
281;D.P;;hasSubject;und;DAACDA;;
282;D.P.ZTA;;hasSubject;und;DAACDA;;
283;D.P.ZTG;;hasSubject;und;DAACDA;;
284;D.S.FOT;;hasSubject;und;DAACDA;;
285;D.S.LSZ;;hasSubject;und;DAACDA;;
286;D.S.PGH;;hasSubject;und;DAACDA;;
287;D.S.PLK;;hasSubject;und;DAACDA;;
322;E.F.ABW;;hasSubject;und;DAACDA;;
323;E.F.AEB;;hasSubject;und;DAACDA;;
324;E.F.AEE;;hasSubject;und;DAACDA;;
325;E.F.AEI;;hasSubject;und;DAACDA;;
326;E.F.AGE;;hasSubject;und;DAACDA;;
327;E.F.AUF;;hasSubject;und;DAACDA;;
328;E.F.AUS;;hasSubject;und;DAACDA;;
329;E.F.BES;;hasSubject;und;DAACDA;;
330;E.F.DAR;;hasSubject;und;DAACDA;;
331;E.F.EIN;;hasSubject;und;DAACDA;;
332;E.F.ERK;;hasSubject;und;DAACDA;;
333;E.F.FOR;;hasSubject;und;DAACDA;;
334;E.F.FRE;;hasSubject;und;DAACDA;;
335;E.F.GBU;;hasSubject;und;DAACDA;;
336;E.F.GEL;;hasSubject;und;DAACDA;;
337;E.F.HON;;hasSubject;und;DAACDA;;
338;E.F.NIC;;hasSubject;und;DAACDA;;
339;E.F.RUE;;hasSubject;und;DAACDA;;
340;E.F.SCH;;hasSubject;und;DAACDA;;
341;E.F.SUE;;hasSubject;und;DAACDA;;
342;E.F.VAU;;hasSubject;und;DAACDA;;
343;E.F.VER;;hasSubject;und;DAACDA;;
344;E.F.VGL;;hasSubject;und;DAACDA;;
345;E.F.VSE;;hasSubject;und;DAACDA;;
346;E.F.ZRW;;hasSubject;und;DAACDA;;
347;E.F.ZUR;;hasSubject;und;DAACDA;;
399;Friedrich Austerlitz;;hasSubject;und;proper name;;
424;GIS;;hasSubject;und;abbreviation;Geoinformationssysteme, Geographische Informationssysteme, geographic information system;
429;Graf Leo Thun-Hohenstein;;hasSubject;und;proper name;;
441;Hans Liebstöckl;;hasSubject;und;proper name;;
453;Hüyücektepe;;hasSubject;und;proper name;;
458;Imre Békessy;;hasSubject;und;proper name;;
470;Johann Schober;;hasSubject;und;;;
474;K.K.BER;;hasSubject;und;DAACDA;;
475;K.K.FAC;;hasSubject;und;DAACDA;;
476;K.K.LIT;;hasSubject;und;DAACDA;;
477;K.K.MED;;hasSubject;und;DAACDA;;
478;K.K.SCH;;hasSubject;und;DAACDA;;
479;K.K.STU;;hasSubject;und;DAACDA;;
480;K.K.THE;;hasSubject;und;DAACDA;;
481;K.K.VER;;hasSubject;und;DAACDA;;
482;K.P.CHR;;hasSubject;und;DAACDA;;
483;K.P.NAT;;hasSubject;und;DAACDA;;
484;K.P.SOZ;;hasSubject;und;DAACDA;;
485;Karl Baedeker;;hasSubject;und;proper name;;
486;Karl Kraus;;hasSubject;und;proper name;;
555;Lothar Rübelt;;hasSubject;und;proper name;;
558;M.S.MAP;;hasSubject;und;abbreviation;;
568;Marie Turnowsky;;hasSubject;und;proper name;;
624;Oskar Samek;;hasSubject;und;proper name;;
631;Paul Amadeus Pisk;;hasSubject;und;proper name;;
634;PeriodO;;hasSubject;und;proper name;;
703;R.F.PRE;;hasSubject;und;DAACDA;;
704;R.F.PRI;;hasSubject;und;DAACDA;;
705;R.F.SON;;hasSubject;und;DAACDA;;
706;R.F.STR;;hasSubject;und;DAACDA;;
707;R.F.VER;;hasSubject;und;DAACDA;;
708;R.F.ZIV;;hasSubject;und;DAACDA;;
722;Richard Lányi;;hasSubject;und;proper name;;
723;Richard Smetana;;hasSubject;und;proper name;;
729;S.F.BEK;;hasSubject;und;DAACDA;;
730;S.F.BPD;;hasSubject;und;DAACDA;;
731;S.F.FRI;;hasSubject;und;DAACDA;;
732;S.F.KER;;hasSubject;und;DAACDA;;
733;S.F.KRA;;hasSubject;und;DAACDA;;
734;S.F.KRO;;hasSubject;und;DAACDA;;
735;S.F.LIE;;hasSubject;und;DAACDA;;
736;S.F.MAR;;hasSubject;und;DAACDA;;
737;S.F.PAD;;hasSubject;und;DAACDA;;
738;S.F.PIS;;hasSubject;und;DAACDA;;
739;S.F.RIC;;hasSubject;und;DAACDA;;
740;S.F.RUE;;hasSubject;und;DAACDA;;
741;S.F.SAM;;hasSubject;und;DAACDA;;
742;S.F.SME;;hasSubject;und;DAACDA;;
786;Stefan Padajaunig;;hasSubject;und;proper name;;
802;T.F.AUS;;hasSubject;und;DAACDA;;
803;T.F.BEL;;hasSubject;und;DAACDA;;
804;T.F.BES;;hasSubject;und;DAACDA;;
805;T.F.DRO;;hasSubject;und;DAACDA;;
806;T.F.EHK;;hasSubject;und;DAACDA;;
807;T.F.EHR;;hasSubject;und;DAACDA;;
808;T.F.ERP;;hasSubject;und;DAACDA;;
809;T.F.EUV;;hasSubject;und;DAACDA;;
810;T.F.FZA;;hasSubject;und;DAACDA;;
811;T.F.GDR;;hasSubject;und;DAACDA;;
812;T.F.IND;;hasSubject;und;DAACDA;;
813;T.F.KWF;;hasSubject;und;DAACDA;;
814;T.F.MNR;;hasSubject;und;DAACDA;;
815;T.F.NAC;;hasSubject;und;DAACDA;;
816;T.F.PER;;hasSubject;und;DAACDA;;
817;T.F.PRE;;hasSubject;und;DAACDA;;
818;T.F.REB;;hasSubject;und;DAACDA;;
819;T.F.RUF;;hasSubject;und;DAACDA;;
820;T.F.SCH;;hasSubject;und;DAACDA;;
821;T.F.UNA;;hasSubject;und;DAACDA;;
822;T.F.UNB;;hasSubject;und;DAACDA;;
823;T.F.UPL;;hasSubject;und;DAACDA;;
824;T.F.URV;;hasSubject;und;DAACDA;;
825;T.F.VBR;;hasSubject;und;DAACDA;;
826;T.F.VER;;hasSubject;und;DAACDA;;
827;T.F.VVL;;hasSubject;und;DAACDA;;
843;Theodor Wolff;;hasSubject;und;;;
846;TLS;;hasAppliedMethod, hasSubject;und;abbreviation;terrestrisches Laserscanning, terrestrial laser scanning;
852;Transkribus;;hasSubject;und;proper name;;
923;Yeldeğirmentepe;;hasSubject;und;proper name;;
